Customer_ID,Name,Gender,Age,State,Income_Category,Marital_Status
AG3D6,Michael Jackson,Female,59,Karnataka,Medium,Married
AECPF,John Thomas,Female,68,Hamburg,Low,Married
AGU3B,David Smith,Male,20,Quebec,Low,Single
AEWAZ,Emily Smith,Male,23,Nouvelle-Aquitaine,Low,Single
AE3Q6,Sophia Smith,Male,62,England,High,Single
AEQ2Y,Jane Harris,Male,25,Hokkaido,Medium,Single
AG7C6,John Martin,Female,44,England,Medium,Single
AHW6E,Daniel Smith,Female,40,Scotland,High,Single
AGV3I,Michael Brown,Female,65,Aichi,High,Single
AGYLP,Michael Smith,Male,33,Provence-Alpes-Côte d'Azur,Low,Married
AEYJ5,Jessica Johnson,Female,33,Florida,Low,Single
AGUAY,Michael Johnson,Female,68,Bavaria,Medium,Married
AF2XX,Daniel Brown,Female,54,Provence-Alpes-Côte d'Azur,Low,Married
AGSGS,Daniel Smith,Female,50,Fukuoka,Low,Single
AHEVO,Olivia Harris,Male,53,California,Medium,Single
AFB5K,Michael White,Male,29,Hokkaido,High,Married
AHBNK,Jessica Taylor,Male,37,Florida,Low,Single
AFNYI,Emily Jackson,Female,26,Maharashtra,Medium,Married
AEO5F,John Taylor,Female,63,Aichi,High,Married
AHIKJ,Emily Smith,Male,51,Tamil Nadu,High,Single
AFSMI,Sophia Brown,Male,56,Fukuoka,High,Single
AGVUE,Sophia Taylor,Male,32,Bavaria,Low,Single
AFUT7,John Martin,Male,49,Provence-Alpes-Côte d'Azur,Low,Single
AFYR5,David Thomas,Female,40,Fukuoka,High,Married
AHZWJ,Jane Smith,Male,59,Bavaria,High,Married
AFA33,Olivia Taylor,Male,18,Occitanie,Low,Single
AGBX2,John Johnson,Female,25,Queensland,High,Single
AGHYC,Jessica Harris,Female,26,Bavaria,High,Married
AHMKX,Daniel Brown,Female,54,Wales,High,Single
AEQWV,Emily Thomas,Male,23,Hamburg,Medium,Single
AF477,Daniel Johnson,Male,42,British Columbia,Low,Married
AF2IR,Michael Jackson,Male,55,Scotland,High,Married
AHUH7,Michael Taylor,Female,45,Queensland,Low,Single
AGDOV,Jane Jackson,Female,53,Tamil Nadu,Medium,Married
AHRUM,Olivia Harris,Female,52,Tamil Nadu,High,Single
AEYHT,John Martin,Male,63,Occitanie,High,Single
AHB43,Jane Taylor,Male,40,Hokkaido,High,Single
AEM35,Chris Thomas,Female,63,Fukuoka,Medium,Married
AE47X,Jane Harris,Male,54,Tamil Nadu,Low,Married
AGA2P,Jessica Harris,Female,26,Quebec,Low,Single
AH5G2,Emily Jackson,Male,62,Tamil Nadu,Low,Married
AF7IX,Jane Martin,Male,50,Berlin,High,Married
AHDFR,Emily Brown,Female,43,England,Low,Married
AFWJS,John Anderson,Female,55,Nouvelle-Aquitaine,High,Married
AFIU4,Olivia Harris,Female,62,Fukuoka,Medium,Single
AF36Y,Daniel Jackson,Male,68,British Columbia,Medium,Single
AEOM4,Sophia Smith,Male,56,Alberta,High,Single
AGH3P,David Harris,Male,47,Queensland,Medium,Married
AFDCS,Daniel White,Female,43,Hokkaido,Medium,Single
AED54,Jane Martin,Male,35,Occitanie,Medium,Married
AHDID,Jane Johnson,Male,59,Provence-Alpes-Côte d'Azur,High,Married
AF42E,Michael Harris,Female,42,Quebec,Medium,Married
AEITV,John Martin,Male,37,Provence-Alpes-Côte d'Azur,Low,Single
AG6WS,John Taylor,Male,61,Occitanie,Low,Married
AF6SK,Emily Martin,Female,62,Nouvelle-Aquitaine,High,Single
AFXQS,Chris Johnson,Male,57,Occitanie,Medium,Married
AGZU6,Jessica Johnson,Female,53,Fukuoka,Low,Single
AHVZC,Daniel White,Male,48,Occitanie,High,Married
AEOIH,Jane Smith,Female,32,Occitanie,High,Married
AGE6O,Emily Smith,Female,57,Hokkaido,Low,Married
AEGZS,John Taylor,Male,49,Alberta,Medium,Single
AFJVY,David Martin,Female,59,Fukuoka,Low,Married
AHH2T,Michael White,Male,43,Scotland,Medium,Married
AGU76,David Smith,Male,21,Victoria,Medium,Married
AFRON,Jessica Smith,Male,34,Maharashtra,Medium,Single
AEBHZ,Olivia Taylor,Female,30,Hokkaido,Low,Single
AEC5P,Daniel Johnson,Male,21,Bavaria,Medium,Single
AFZBE,John Taylor,Male,49,Fukuoka,Low,Married
AHDJJ,Emily White,Male,66,Fukuoka,High,Single
AEXK3,Emily Brown,Male,52,Berlin,Low,Married
AHFEN,Emily Smith,Male,57,Berlin,Medium,Single
AGMJ6,Olivia Martin,Male,51,Scotland,Low,Single
AEC4A,David Harris,Male,46,California,High,Married
AGACK,Jane Anderson,Male,41,West Bengal,Low,Single
AFOYO,David Jackson,Male,48,West Bengal,Medium,Married
AGDR4,Jessica Thomas,Male,20,Aichi,Low,Married
AH5JH,John Thomas,Male,61,British Columbia,Medium,Married
AHQC2,David Thomas,Male,47,Tamil Nadu,Medium,Married
AFKEN,Olivia Brown,Male,68,Bavaria,Low,Married
AHDC2,Daniel Taylor,Female,23,Illinois,Low,Single
AGD3F,Olivia White,Female,59,Occitanie,High,Single
AGHKF,John Thomas,Male,38,Florida,High,Married
AGKNF,Michael Smith,Female,33,Occitanie,Medium,Single
AHL2C,John White,Male,27,Delhi,Medium,Single
AEIFM,John Johnson,Female,25,Wales,High,Single
AHY6A,Sophia Harris,Female,67,Alberta,Medium,Single
AFCMY,Emily Johnson,Female,20,England,High,Single
AE4KO,Jane Martin,Female,22,Karnataka,Medium,Married
AG47C,Chris Martin,Female,44,Saxony,Medium,Married
AGNRJ,Michael Johnson,Female,22,Illinois,Low,Single
AFYFQ,Olivia Smith,Male,46,South Australia,High,Single
AEZDB,Chris Taylor,Male,64,Occitanie,Medium,Married
AH4LJ,Sophia Brown,Female,25,Provence-Alpes-Côte d'Azur,Medium,Single
AE2JT,Jessica Taylor,Female,47,Nouvelle-Aquitaine,High,Single
AHY3Q,Daniel Jackson,Male,43,South Australia,Low,Single
AHKTE,David Harris,Male,48,West Bengal,Low,Married
AFP33,Emily Harris,Male,22,Illinois,Low,Single
AGLZU,David Brown,Male,61,Nouvelle-Aquitaine,High,Married
AFJXT,Olivia Brown,Male,55,Maharashtra,Low,Single
AF3IX,Olivia Anderson,Female,55,Bavaria,High,Married
AFQW4,Daniel Anderson,Male,32,Provence-Alpes-Côte d'Azur,Low,Single
AEPML,Emily Taylor,Male,57,British Columbia,Low,Married
AFEQN,Chris Taylor,Female,35,Florida,High,Single
AEDMO,David Harris,Female,63,South Australia,Medium,Married
AH4BU,Jessica Johnson,Male,26,British Columbia,High,Married
AFCWL,Jane Taylor,Male,26,Quebec,Medium,Single
AFO7T,David Taylor,Male,32,Wales,Low,Single
AELO5,Jessica Johnson,Male,36,California,Low,Single
AFAQL,Emily Martin,Female,36,Nouvelle-Aquitaine,Low,Single
AHGHF,John Jackson,Male,35,Aichi,Low,Married
AHXA4,Sophia White,Male,25,Nouvelle-Aquitaine,High,Married
AGD2H,Sophia Harris,Male,37,Wales,Low,Married
AECPQ,John Johnson,Female,34,Scotland,Low,Married
AFPP2,David Taylor,Male,35,Karnataka,Low,Single
AG44Z,John Brown,Male,32,Berlin,Low,Single
AG7TJ,David Martin,Female,57,Berlin,High,Married
AEH3M,Emily Martin,Male,62,Berlin,Medium,Married
AGG2A,Daniel Smith,Female,27,Bavaria,Low,Single
AE242,David Smith,Male,31,Scotland,High,Married
AH6QH,Daniel Smith,Male,31,Hokkaido,Medium,Married
AFWKY,Emily Jackson,Male,30,Berlin,Low,Married
AFUR3,Olivia Taylor,Male,27,Bavaria,Low,Single
AF5XV,David Johnson,Female,40,Provence-Alpes-Côte d'Azur,Low,Single
AH3ZH,Olivia White,Female,37,Hokkaido,High,Married
AFYQP,Sophia Smith,Male,20,England,Medium,Married
AEMJJ,Michael Martin,Male,29,Queensland,High,Single
AGAVE,Sophia Smith,Male,44,Scotland,Low,Married
AGSMO,Daniel Harris,Male,57,Aichi,High,Married
AEJGE,Chris Thomas,Female,27,Quebec,Medium,Single
AHPG3,John White,Female,37,Delhi,Low,Married
AGYAP,Emily Brown,Female,38,British Columbia,Medium,Single
AFVNM,Daniel Harris,Female,38,Karnataka,High,Single
AF7EO,Sophia Taylor,Male,53,Wales,Medium,Married
AG2Q7,Daniel Brown,Male,51,Bavaria,Low,Single
AHSDV,Jane Taylor,Male,59,Aichi,Medium,Single
AHMHM,Olivia Anderson,Female,44,England,Medium,Married
AFHDJ,John Anderson,Male,60,Bavaria,High,Married
AHPAC,Emily Taylor,Female,59,Berlin,Medium,Single
AGPOY,Jessica Harris,Female,48,Hokkaido,Low,Single
AEWPC,Chris Jackson,Female,46,Fukuoka,High,Single
AEG3H,Olivia Smith,Female,44,Illinois,High,Single
AHDZE,Jessica Johnson,Male,52,Quebec,Medium,Married
AHGPO,Olivia Brown,Female,23,Hokkaido,Low,Married
AGQTT,Emily Johnson,Male,61,Victoria,High,Single
AFQGG,Sophia Martin,Female,58,Bavaria,High,Single
AHWC7,Jane Thomas,Male,54,Berlin,Medium,Single
AEGJW,Jane White,Female,21,Illinois,Low,Single
AGSP2,David Anderson,Female,62,Wales,High,Single
AFHX6,Olivia Smith,Female,61,Quebec,High,Single
AE22Y,Emily White,Female,39,Bavaria,High,Married
AHPHV,Emily Brown,Female,68,Scotland,Low,Single
AH3JU,David White,Female,47,Karnataka,Medium,Single
AFEJF,Michael Smith,Female,36,Karnataka,Low,Married
AG6TQ,John Harris,Female,44,Berlin,High,Single
AFY3X,Emily Anderson,Male,57,West Bengal,High,Single
AF3XU,Daniel Thomas,Male,64,Illinois,Medium,Single
AGOYJ,John Brown,Male,51,Berlin,Medium,Single
AGUQM,Olivia Anderson,Male,24,Provence-Alpes-Côte d'Azur,High,Married
AHXJZ,Jane Martin,Male,66,Fukuoka,Low,Single
AGZNX,Sophia Smith,Female,42,Occitanie,Medium,Single
AG54K,Michael White,Male,42,Wales,Medium,Married
AG3QT,Jane Smith,Male,28,Quebec,High,Married
AFGN6,Jessica Smith,Female,66,Queensland,Low,Single
AESNQ,Sophia Smith,Female,30,Saxony,High,Single
AFCGA,Jane Taylor,Female,50,Florida,Low,Single
AHPRJ,Michael Johnson,Male,30,Bavaria,Low,Single
AHKON,Daniel Johnson,Male,35,Queensland,Medium,Married
AHX6C,Sophia Martin,Female,35,West Bengal,Medium,Single
AFYPW,Chris Martin,Female,45,Provence-Alpes-Côte d'Azur,Medium,Single
AH2ZL,Jessica Anderson,Female,32,Fukuoka,Medium,Married
AG4UN,John White,Female,62,Occitanie,Medium,Single
AFFPE,John White,Female,34,Tamil Nadu,High,Married
AFM3P,John Brown,Male,18,West Bengal,Low,Married
AGDDI,Olivia Anderson,Male,53,West Bengal,Medium,Single
AHHEV,Jane Harris,Male,51,Victoria,Low,Married
AGTBG,Michael Johnson,Male,44,Berlin,Low,Single
AEBPR,Chris Jackson,Male,46,Alberta,Low,Married
AGNQU,Emily Taylor,Female,37,British Columbia,Low,Single
AEDY5,David Taylor,Female,64,Florida,Low,Married
AGKXF,David Taylor,Female,67,Occitanie,High,Single
AHKMD,Michael Johnson,Male,51,Occitanie,High,Single
AHSO2,Sophia Johnson,Male,63,Provence-Alpes-Côte d'Azur,Medium,Single
AE4DP,Michael Thomas,Female,65,California,High,Married
AHAYL,David Smith,Female,33,England,Medium,Single
AHGRR,Olivia Smith,Female,67,Scotland,High,Single
AGTDS,Olivia Johnson,Female,23,Saxony,Medium,Single
AG3TI,Emily Thomas,Female,33,Hamburg,Medium,Single
AF6Z2,Michael Jackson,Female,58,Fukuoka,Low,Married
AFTUS,Chris Taylor,Male,50,Occitanie,Low,Married
AFYEH,Sophia Martin,Male,63,Aichi,High,Single
AF254,Chris Brown,Male,32,Nouvelle-Aquitaine,Medium,Married
AECWB,Jessica Johnson,Male,58,Wales,High,Married
AH3JH,Jane Thomas,Male,54,Berlin,Low,Married
AEFJC,Sophia Brown,Male,38,Wales,Low,Married
AGLYU,Jessica Martin,Female,63,Wales,High,Married
AH7NT,Sophia Martin,Male,26,Maharashtra,Medium,Single
AGIZG,Emily Johnson,Male,32,Bavaria,Medium,Married
AFHYW,Michael White,Male,37,Berlin,Medium,Single
AEWC3,John Harris,Male,38,West Bengal,High,Single
AH2AV,Olivia Johnson,Female,68,England,Low,Married
AEE46,Sophia Johnson,Female,19,Quebec,High,Single
AF7BX,Emily Thomas,Female,45,Hokkaido,High,Single
AFLOB,Sophia Johnson,Female,69,Hokkaido,Medium,Single
AGWAY,David Martin,Female,51,Provence-Alpes-Côte d'Azur,Low,Married
AERUC,John Smith,Female,51,Occitanie,High,Married
AG5P7,Olivia Brown,Male,68,Aichi,Low,Married
AGYH5,Michael Thomas,Male,20,Berlin,High,Married
AHFLH,Chris Jackson,Female,25,Scotland,High,Single
AHVAH,Olivia Thomas,Male,18,Alberta,Low,Married
AE7CF,David Harris,Male,29,Bavaria,Low,Married
AHSXE,John Harris,Female,30,England,High,Married
AHQCV,Emily Martin,Male,44,England,High,Married
AEOHC,Daniel Johnson,Male,44,England,Medium,Married
AHILW,Michael Smith,Female,36,Alberta,Medium,Single
AHH74,Jessica Taylor,Female,37,Occitanie,Medium,Single
AFKKM,Sophia Anderson,Male,45,Aichi,High,Single
AFXA7,Michael Taylor,Male,30,Provence-Alpes-Côte d'Azur,Low,Married
AH34W,Michael Martin,Male,44,Nouvelle-Aquitaine,High,Single
AH42E,Daniel Harris,Female,57,Aichi,Medium,Married
AESPO,Jane Thomas,Female,24,British Columbia,High,Married
AGTN6,Olivia Johnson,Male,38,Berlin,Medium,Single
AFSQ4,John Brown,Female,68,California,High,Single
AGJUS,Daniel Martin,Female,64,England,High,Single
AFYOI,David Johnson,Male,24,Occitanie,Medium,Married
AG6BJ,Chris Brown,Female,64,Berlin,Medium,Married
AFWES,Sophia Martin,Female,19,Nouvelle-Aquitaine,High,Single
AHCVV,Chris White,Female,67,Nouvelle-Aquitaine,Low,Married
AGT2U,Chris Anderson,Male,59,Berlin,Low,Married
AH753,Michael Jackson,Male,57,Wales,High,Single
AFRFZ,John Anderson,Male,27,Florida,Low,Married
AEGZA,Jessica White,Male,42,Nouvelle-Aquitaine,Medium,Married
AHLV4,Sophia Brown,Male,38,Tamil Nadu,Low,Married
AG6CR,John Taylor,Male,67,Alberta,Medium,Single
AF3KX,Chris Jackson,Female,38,Florida,Low,Single
AFSOR,Michael Taylor,Female,18,Delhi,Low,Married
AFZT7,Jessica Anderson,Male,21,Occitanie,Medium,Single
AHNCU,Jane Johnson,Male,29,Fukuoka,Medium,Single
AFQXC,Daniel White,Female,61,Wales,High,Single
AHM35,Sophia Johnson,Male,31,Illinois,Medium,Single
AG3J3,Chris Brown,Male,67,Scotland,High,Single
AEFVB,David Brown,Female,42,Saxony,High,Single
AHUXD,Michael Johnson,Male,24,Queensland,Medium,Single
AG2CJ,Sophia Martin,Male,59,Provence-Alpes-Côte d'Azur,Medium,Married
AEXKM,Olivia Harris,Female,22,Queensland,Medium,Single
AGJ42,Olivia Johnson,Male,56,Bavaria,Low,Single
AGJC5,Sophia Martin,Female,60,Occitanie,Medium,Single
AEY5P,Jane Smith,Male,44,Scotland,Medium,Married
AGL3J,Sophia Smith,Male,26,Maharashtra,Low,Single
AGQYZ,David Harris,Female,19,California,High,Married
AHOYU,Emily Brown,Male,61,Hokkaido,Low,Married
AGHG6,Emily White,Female,26,Delhi,Low,Married
AEC6U,John Johnson,Female,59,Berlin,Low,Single
AHUGC,John Taylor,Male,42,Provence-Alpes-Côte d'Azur,Medium,Married
AHPYD,Chris White,Male,69,Wales,Medium,Single
AG3SQ,David Taylor,Male,19,Queensland,High,Single
AHIBP,Emily Harris,Female,41,Fukuoka,Medium,Single
AEREO,Daniel Harris,Female,29,Berlin,Low,Married
AG44H,Emily Anderson,Male,59,Florida,High,Married
AFGHR,Michael Taylor,Male,29,Hokkaido,Medium,Single
AE27U,Chris Johnson,Male,54,Occitanie,Medium,Single
AGPBZ,Michael White,Male,35,Berlin,Low,Married
AFE54,Michael Brown,Male,29,England,Low,Single
AGOWF,Jane White,Male,38,Nouvelle-Aquitaine,Low,Single
AH4OX,David Jackson,Male,25,Berlin,Medium,Married
AFIJZ,Olivia Harris,Male,31,Victoria,Medium,Single
AEIYW,John White,Male,40,Provence-Alpes-Côte d'Azur,High,Single
AF4MV,Jane Harris,Female,39,Aichi,High,Married
AHHN6,Jessica Jackson,Female,34,Florida,High,Single
AGHVT,David Thomas,Male,41,Maharashtra,Low,Single
AH6AT,Emily Johnson,Male,35,British Columbia,High,Married
AF3JE,David Brown,Male,29,Aichi,High,Single
AH2OA,Olivia Brown,Male,24,Delhi,High,Married
AHJJY,David Thomas,Male,40,Provence-Alpes-Côte d'Azur,Low,Married
AGAEL,Chris Brown,Male,32,Hokkaido,Medium,Married
AEJQT,Jessica Taylor,Male,67,Occitanie,Medium,Married
AF526,Jessica Thomas,Male,44,Nouvelle-Aquitaine,Low,Single
AF7B5,John Johnson,Male,18,Provence-Alpes-Côte d'Azur,Medium,Married
AHQIY,Emily Anderson,Female,45,British Columbia,High,Single
AEL5H,Emily Thomas,Male,67,Provence-Alpes-Côte d'Azur,Medium,Single
AHWRZ,Michael Jackson,Female,67,California,Medium,Married
AHPBU,David Martin,Male,50,Nouvelle-Aquitaine,High,Married
AE475,John Harris,Female,28,Fukuoka,Medium,Married
AGUFJ,Chris Martin,Female,22,Provence-Alpes-Côte d'Azur,Medium,Married
AEW3Q,Sophia Anderson,Male,65,Scotland,High,Single
AHALP,Jane Anderson,Male,60,Aichi,High,Married
AFDRG,John Martin,Female,31,Occitanie,Medium,Single
AGB2L,Jane Jackson,Male,50,Scotland,Medium,Married
AFLMO,Jane Thomas,Female,55,Scotland,High,Single
AFBVV,John Martin,Female,65,Provence-Alpes-Côte d'Azur,High,Married
AHTVB,David Brown,Male,24,Provence-Alpes-Côte d'Azur,Medium,Single
AGKL2,Jane Brown,Female,59,Provence-Alpes-Côte d'Azur,Low,Single
AE5X7,Daniel Johnson,Male,61,Queensland,Low,Married
AGRV2,Sophia Martin,Male,30,Fukuoka,Low,Married
AE3SQ,Daniel Smith,Female,49,Quebec,Medium,Single
AHPK4,Chris Harris,Male,57,England,Medium,Single
AENDU,Emily Harris,Male,18,Nouvelle-Aquitaine,High,Married
AHDAN,Michael Jackson,Male,37,Scotland,High,Single
AHLYJ,Michael Anderson,Female,57,Karnataka,High,Single
AF535,Jessica White,Female,61,Bavaria,Medium,Single
AFZRJ,Jessica White,Female,21,British Columbia,Low,Single
AHCZZ,Olivia Anderson,Female,42,Karnataka,Medium,Married
AFAKE,Daniel Taylor,Female,30,Karnataka,High,Married
AE6CR,Olivia Thomas,Female,49,Queensland,Medium,Married
AGAPG,John Taylor,Male,37,Occitanie,Medium,Married
AFLBL,Emily Harris,Female,51,Aichi,High,Married
AEJLO,Daniel Jackson,Male,32,West Bengal,High,Married
AEKSR,Jessica Taylor,Female,18,Bavaria,Medium,Married
AFIC3,Michael White,Male,26,Maharashtra,Low,Married
AFLKE,John Harris,Female,38,Delhi,High,Single
AE2OF,Sophia Harris,Female,46,Bavaria,Medium,Married
AFG3E,Daniel Anderson,Male,66,Florida,Low,Married
AE55K,David Harris,Female,46,Occitanie,High,Single
AFFOR,David Smith,Female,25,Occitanie,Low,Single
AFDIT,Michael Brown,Male,25,Provence-Alpes-Côte d'Azur,Low,Married
AHECN,David Johnson,Male,62,Wales,Low,Single
AELBD,Jessica White,Female,38,Fukuoka,High,Married
AEJKU,Jessica Brown,Male,24,Hokkaido,Medium,Single
AGPVN,Olivia White,Male,33,Provence-Alpes-Côte d'Azur,High,Married
AEN65,Michael Brown,Male,31,California,Medium,Married
AGQIX,Olivia Brown,Male,27,Maharashtra,High,Single
AHJHH,Sophia Anderson,Male,46,Berlin,Medium,Single
AGZD3,David Anderson,Male,52,Provence-Alpes-Côte d'Azur,Low,Single
AEYLB,David Harris,Male,40,Occitanie,Medium,Single
AH7LW,Daniel Brown,Male,45,Provence-Alpes-Côte d'Azur,High,Single
AFTS5,Chris Smith,Male,35,Wales,Medium,Single
AHCJO,Chris Jackson,Female,47,South Australia,Low,Single
AGYPV,Jessica Johnson,Female,30,Queensland,High,Married
AHZNS,Jane Anderson,Male,34,Scotland,High,Married
AFICH,David Harris,Male,20,Scotland,Medium,Single
AGGXW,Jane Thomas,Female,61,England,High,Single
AHFDZ,Jessica Johnson,Male,57,Scotland,Low,Single
AG2WV,Chris Martin,Male,34,Hokkaido,High,Single
AHXMS,Chris Martin,Female,55,Aichi,Low,Single
AG2V3,Michael Anderson,Female,48,Provence-Alpes-Côte d'Azur,High,Single
AH3PB,John Taylor,Female,20,Fukuoka,Low,Single
AE3JI,Jane Brown,Female,56,Provence-Alpes-Côte d'Azur,Low,Single
AEJHP,John Jackson,Female,22,England,High,Single
AFO7L,David Thomas,Male,35,Quebec,Medium,Single
AGW2N,David Thomas,Male,37,Scotland,Medium,Single
AFJ4Z,Jane Thomas,Male,28,Maharashtra,Medium,Single
AES2J,Olivia Harris,Male,49,Fukuoka,High,Married
AEIOP,Jane Brown,Male,24,Provence-Alpes-Côte d'Azur,Low,Single
AGD5K,Jane Martin,Male,59,Occitanie,Low,Married
AHVEG,David Jackson,Male,56,Maharashtra,Medium,Married
AH3LH,Olivia Harris,Female,42,Aichi,High,Married
AFXUM,Daniel Jackson,Male,22,Occitanie,High,Married
AE3XH,Jane Anderson,Male,54,Fukuoka,Medium,Married
AH3DP,David Jackson,Male,64,Victoria,Low,Married
AGWQC,Jane Harris,Male,32,South Australia,Low,Married
AE5DH,Emily Smith,Male,61,Occitanie,Medium,Single
AGNJW,Michael Jackson,Male,19,California,Low,Married
AHOQP,Chris Thomas,Male,19,England,High,Single
AFAKL,Jessica Smith,Female,58,Fukuoka,High,Single
AFSRF,Olivia Martin,Female,31,Scotland,High,Single
AFUDD,Sophia Smith,Male,48,Karnataka,Medium,Single
AGPLH,David Johnson,Female,53,Alberta,Low,Single
AGY4I,John Anderson,Male,65,Hokkaido,Medium,Married
AFBPB,Jessica White,Female,58,Queensland,High,Single
AH3HL,John Taylor,Female,45,Scotland,Medium,Married
AFPMB,Sophia Thomas,Male,48,Bavaria,Medium,Single
AEE5X,Jessica Harris,Male,48,Victoria,Low,Single
AEZH7,Jessica Smith,Male,50,Nouvelle-Aquitaine,High,Married
AFWOX,Olivia Thomas,Male,41,Maharashtra,High,Married
AGQVE,David Harris,Male,40,West Bengal,High,Single
AFF3M,Sophia Anderson,Male,35,Wales,Medium,Married
AHJTL,Emily Brown,Female,26,Berlin,High,Married
AHUKI,Michael Anderson,Male,57,Queensland,Low,Married
AFBLF,Daniel Taylor,Male,28,Provence-Alpes-Côte d'Azur,Low,Single
AEYES,David Smith,Female,49,Provence-Alpes-Côte d'Azur,Low,Single
AHSYI,David Johnson,Female,31,Florida,High,Married
AFZEC,Emily Taylor,Female,33,Wales,Low,Married
AHCY2,Olivia Taylor,Female,54,Delhi,Low,Married
AHH26,Emily Anderson,Female,47,Bavaria,High,Single
AHR4W,Michael Martin,Female,53,Scotland,Low,Married
AFEMY,Daniel Thomas,Male,37,Nouvelle-Aquitaine,High,Single
AFQUZ,Sophia Johnson,Female,57,Alberta,Low,Single
AG4KZ,John Taylor,Female,26,Nouvelle-Aquitaine,High,Single
AHN6E,Jane Taylor,Female,69,Hokkaido,Medium,Single
AHROI,Emily Jackson,Female,41,Provence-Alpes-Côte d'Azur,High,Single
AEJSM,Michael Jackson,Male,51,Occitanie,Medium,Single
AHZWX,Michael Harris,Male,32,Wales,Medium,Married
AEXCQ,Jessica Anderson,Female,51,England,Medium,Married
AFUWV,John Brown,Female,62,England,High,Married
AEQRB,Daniel Smith,Female,30,California,Low,Single
AG3EJ,Emily Jackson,Female,44,Bavaria,Low,Married
AEGEO,Michael Harris,Female,47,Karnataka,Medium,Married
AFPYH,Chris Martin,Female,66,Bavaria,High,Single
AF33A,John Brown,Male,55,Maharashtra,Medium,Single
AFQ7A,John Anderson,Male,35,Aichi,Low,Single
AHYXJ,Sophia Smith,Female,45,Karnataka,Medium,Married
AEI2G,Jessica Brown,Female,29,Scotland,High,Single
AETBZ,Sophia Thomas,Female,50,England,Low,Married
AHBB6,Jane Anderson,Male,69,Queensland,Medium,Single
AFAYH,Olivia Smith,Male,43,Alberta,High,Single
AEAX7,Daniel Martin,Female,27,Quebec,High,Single
AGGDI,Chris Taylor,Female,44,Bavaria,Low,Single
AFNMA,Chris Johnson,Female,40,Berlin,Medium,Single
AF4AW,John Thomas,Female,52,Occitanie,High,Married
AGQ3Y,Olivia Martin,Male,31,England,Medium,Married
AECQP,Chris Johnson,Female,53,Berlin,Low,Single
AHDTC,Chris Smith,Male,53,Nouvelle-Aquitaine,Low,Single
AHE52,John Jackson,Female,26,Occitanie,Medium,Single
AGG35,Chris Anderson,Female,20,South Australia,Medium,Single
AFU4J,John Jackson,Male,22,British Columbia,Medium,Married
AFHFQ,Daniel Taylor,Male,61,Scotland,High,Married
AGBB4,David Smith,Male,28,Hamburg,Medium,Married
AFNGZ,Sophia Taylor,Male,33,Occitanie,High,Married
AH3VU,David Martin,Female,55,Karnataka,High,Single
AEKLQ,Jessica Johnson,Female,40,West Bengal,High,Single
AGORB,Daniel Johnson,Male,33,Alberta,Medium,Single
AF2PE,Emily Brown,Male,53,Berlin,Medium,Married
AH5ZF,Daniel Harris,Male,67,South Australia,Medium,Single
AF37S,Jane Brown,Female,61,Occitanie,Medium,Married
AEVPR,Daniel Johnson,Male,63,Karnataka,High,Married
AGXGY,Chris Taylor,Female,59,Bavaria,High,Single
AFYMF,John Brown,Male,56,Berlin,Medium,Married
AEY3X,Michael Thomas,Female,60,Provence-Alpes-Côte d'Azur,Low,Married
AGUV3,David Thomas,Male,45,Delhi,High,Single
AFWRE,Olivia Harris,Male,34,Bavaria,Low,Married
AHLLR,Sophia Martin,Female,46,Bavaria,Medium,Married
AFJ7U,John Thomas,Female,50,Provence-Alpes-Côte d'Azur,High,Single
AEU3E,Jessica Brown,Male,54,Hokkaido,High,Married
AEDCA,Jessica Brown,Male,55,Florida,High,Married
AGGSP,Daniel White,Female,54,England,High,Single
AHTYS,Michael Taylor,Male,20,Delhi,High,Married
AFLLC,David Johnson,Male,53,Aichi,High,Married
AFES6,John Johnson,Female,64,Occitanie,High,Married
AETEH,Jane Smith,Male,47,West Bengal,High,Married
AFIVM,Emily Johnson,Female,36,Bavaria,Medium,Single
AGQT3,Chris White,Female,31,Bavaria,High,Single
AGQCL,David White,Male,25,California,Medium,Single
AETHN,Jane White,Female,26,South Australia,Medium,Single
AGEN4,Michael Anderson,Male,54,Scotland,Medium,Single
AESKY,Chris Thomas,Female,64,Saxony,High,Single
AGKMK,Chris Thomas,Male,57,Hokkaido,High,Married
AEHQY,Chris Anderson,Female,64,South Australia,Medium,Married
AH5QY,David Martin,Male,54,Berlin,Medium,Single
AE6QI,Olivia Harris,Male,59,Queensland,Low,Single
AGARJ,Michael White,Female,64,Delhi,Low,Single
AGASW,Jane Smith,Female,38,Queensland,High,Single
AE3GJ,Michael Brown,Female,36,Florida,Medium,Married
AGCWH,Emily Thomas,Female,39,Hokkaido,High,Married
AH3XZ,John Johnson,Female,50,South Australia,Medium,Single
AHDNZ,Sophia Johnson,Female,36,Wales,Low,Married
AH2OG,Jane Thomas,Male,52,England,Low,Single
AGQOI,Daniel White,Male,56,England,Medium,Single
AGT57,Sophia Johnson,Male,30,West Bengal,Medium,Single
AFZQF,Daniel Anderson,Male,42,Scotland,High,Single
AEKZN,Michael Smith,Male,55,Provence-Alpes-Côte d'Azur,Low,Married
AHMAO,John Harris,Female,35,Nouvelle-Aquitaine,Low,Married
AES4P,Jane Thomas,Female,68,Occitanie,Low,Married
AHJRP,Daniel Harris,Female,25,Provence-Alpes-Côte d'Azur,High,Married
AFD57,Chris Smith,Female,62,Saxony,Low,Married
AFEDV,Jane Smith,Male,43,Maharashtra,Low,Single
AH3MV,Daniel Martin,Female,69,Illinois,Low,Single
AGXE6,John Harris,Male,25,Maharashtra,Low,Married
AEZPN,Olivia Harris,Male,37,Saxony,Medium,Married
AG7XU,Michael Jackson,Male,40,Karnataka,Low,Married
AEQGY,Olivia Martin,Female,46,Occitanie,Medium,Single
AFMBN,John Martin,Male,64,Bavaria,Low,Married
AEZRH,Chris Smith,Male,45,British Columbia,Low,Single
AHPKW,Jane Anderson,Male,67,Occitanie,High,Married
AEEYJ,Chris Anderson,Female,44,Provence-Alpes-Côte d'Azur,Medium,Married
AF3GE,Sophia Jackson,Male,20,West Bengal,High,Married
AEDZX,David Johnson,Female,38,Provence-Alpes-Côte d'Azur,Medium,Single
AE3PT,Emily Harris,Female,20,Bavaria,Medium,Single
AFWDV,Jessica Brown,Male,68,Tamil Nadu,High,Married
AGO7F,Jane Smith,Male,19,Bavaria,High,Married
AHOXZ,Chris Taylor,Female,41,Bavaria,Medium,Married
AGO5S,Olivia White,Male,24,Nouvelle-Aquitaine,High,Married
AHCS3,Sophia Thomas,Female,42,British Columbia,Medium,Married
AE4XK,David Taylor,Male,36,Provence-Alpes-Côte d'Azur,Medium,Single
AEACC,Jessica Anderson,Female,52,Nouvelle-Aquitaine,Medium,Single
AG2X6,Olivia Brown,Female,38,Queensland,High,Single
AENFX,Emily Brown,Female,67,Berlin,Low,Single
AHVAI,David Taylor,Female,43,Illinois,High,Married
AEPLU,Jessica White,Female,49,Queensland,Medium,Married
AHLPM,Olivia Martin,Male,23,Bavaria,Medium,Married
AFPSD,Olivia Brown,Female,47,Bavaria,Low,Married
AFFSK,Jessica Johnson,Female,53,Bavaria,Low,Single
AEKLU,David Jackson,Male,30,Provence-Alpes-Côte d'Azur,High,Married
AEJGZ,Daniel Harris,Female,37,Hokkaido,Low,Single
AFGPL,Sophia Harris,Male,20,Nouvelle-Aquitaine,Low,Single
AFQ44,Michael Harris,Female,27,Bavaria,Medium,Married
AE35O,Jane Anderson,Female,62,Delhi,High,Single
AGZCX,Sophia Thomas,Male,18,Alberta,Medium,Married
AFAVJ,Jane Jackson,Male,68,Fukuoka,High,Single
AF3HH,Olivia White,Female,36,Quebec,Low,Married
AEU6M,Jessica Brown,Male,41,Fukuoka,Low,Single
AG2IC,Olivia Brown,Male,69,West Bengal,High,Married
AE6DY,Jessica White,Male,63,Fukuoka,Low,Married
AGQBR,John Thomas,Female,24,Provence-Alpes-Côte d'Azur,Low,Single
AGK3N,Emily Thomas,Male,37,Fukuoka,High,Single
AH2QF,Michael Taylor,Male,55,Bavaria,Low,Single
AEWM6,Jane Brown,Male,59,Aichi,High,Single
AFR7N,John Jackson,Male,50,South Australia,Medium,Single
AGIOL,Jessica Jackson,Female,67,Bavaria,High,Single
AF5YA,Sophia Brown,Male,24,Fukuoka,Low,Single
AH6SG,David Jackson,Female,33,Tamil Nadu,Medium,Single
AHB4A,Olivia Brown,Female,52,California,High,Married
AFCKV,Chris Taylor,Female,59,Provence-Alpes-Côte d'Azur,Low,Married
AFJXI,Chris Jackson,Female,18,Provence-Alpes-Côte d'Azur,Medium,Single
AFA6Y,Olivia Jackson,Male,56,Tamil Nadu,High,Single
AEREP,Jane Jackson,Male,37,Occitanie,Medium,Married
AGDY4,Jessica Taylor,Female,23,Fukuoka,Medium,Single
AFSM3,Olivia White,Male,36,Victoria,Medium,Married
AFXRH,Jessica Smith,Male,57,British Columbia,High,Married
AFROX,Chris Martin,Female,20,Provence-Alpes-Côte d'Azur,Medium,Married
AFUGD,Emily Thomas,Female,30,England,Low,Single
AGY65,Chris Harris,Male,34,Delhi,High,Married
AHITH,Emily Martin,Female,25,Occitanie,Low,Single
AG7L3,David Smith,Female,55,Alberta,Low,Married
AHICR,Sophia White,Female,41,Maharashtra,Medium,Married
AFOJ6,Jessica Thomas,Male,51,Scotland,High,Single
AHFX3,Chris Brown,Female,48,Maharashtra,High,Single
AEWV3,Jane Harris,Male,34,England,Low,Married
AEWW4,Daniel Thomas,Female,68,Scotland,Medium,Single
AEILG,Daniel Smith,Male,56,Alberta,Medium,Single
AGH2D,Jane Smith,Female,21,Provence-Alpes-Côte d'Azur,Medium,Single
AEH45,Olivia Harris,Male,20,Fukuoka,Low,Single
AEAD2,Jessica Thomas,Female,55,Tamil Nadu,High,Single
AEEF4,Olivia Thomas,Male,47,Provence-Alpes-Côte d'Azur,Low,Single
AHEPP,Michael Anderson,Female,49,Quebec,Low,Single
AFQ7S,David Taylor,Female,68,Occitanie,Low,Married
AEWRR,Emily Smith,Female,55,Quebec,High,Married
AHXVJ,Olivia Brown,Male,66,Occitanie,Low,Married
AEMEB,Daniel White,Male,42,Occitanie,Medium,Single
AFTFX,Chris Johnson,Female,48,Karnataka,Low,Married
AFILR,Michael Taylor,Male,42,Bavaria,High,Married
AF5VU,Michael Johnson,Male,63,Queensland,Medium,Married
AFLLE,Michael Taylor,Female,52,Provence-Alpes-Côte d'Azur,High,Married
AHT3P,Sophia Harris,Male,36,Nouvelle-Aquitaine,High,Married
AGZRJ,Michael Johnson,Female,65,Occitanie,Medium,Married
AGKET,Jane Martin,Male,27,Berlin,High,Married
AG775,Emily Taylor,Male,38,West Bengal,Medium,Married
AF6F5,David Martin,Female,53,Nouvelle-Aquitaine,High,Single
AHE44,David Anderson,Male,62,Queensland,Medium,Married
AGVFC,John Smith,Male,23,Queensland,Medium,Married
AECKR,Jessica Johnson,Female,54,Provence-Alpes-Côte d'Azur,Medium,Single
AE5VN,Daniel Brown,Female,54,Occitanie,Medium,Married
AE2TS,John Johnson,Female,23,Aichi,Low,Married
AGYAL,John Brown,Female,56,West Bengal,High,Married
AFMAL,Michael Brown,Female,61,Karnataka,Low,Married
AEYRE,John White,Male,24,Saxony,High,Married
AEDKN,Daniel Brown,Male,21,Wales,Medium,Single
AH5Y6,Jane Jackson,Female,54,Wales,Low,Single
AGQNP,Michael White,Male,66,Wales,Medium,Single
AHVPF,Emily Johnson,Female,27,Berlin,High,Single
AECYN,Olivia Thomas,Female,30,Nouvelle-Aquitaine,Medium,Single
AECNN,Emily Harris,Male,24,Fukuoka,Medium,Single
AHAZZ,Jane Brown,Female,60,Provence-Alpes-Côte d'Azur,High,Single
AEKJY,Michael Harris,Female,61,Provence-Alpes-Côte d'Azur,High,Single
AEKOR,Jessica Jackson,Male,39,Bavaria,Medium,Married
AG6FY,Daniel Harris,Female,60,Florida,Low,Single
AHQ4Q,John Harris,Male,19,Illinois,High,Single
AE5JR,Chris Martin,Female,18,Wales,High,Single
AHSVH,Olivia Harris,Female,35,Berlin,Low,Married
AFOPJ,John Jackson,Female,33,Alberta,Medium,Single
AGNE5,Chris Smith,Male,50,Delhi,High,Single
AEJYX,John Brown,Male,67,Provence-Alpes-Côte d'Azur,Low,Single
AGMR7,Jessica Harris,Male,20,Berlin,Medium,Married
AG7MI,Jessica White,Female,49,Fukuoka,Medium,Married
AF757,John Taylor,Female,37,Illinois,Medium,Single
AGHW3,Emily Johnson,Female,52,Berlin,Low,Married
AH6NK,Chris Anderson,Male,36,Occitanie,Low,Single
AH4RE,David Anderson,Female,47,Wales,Low,Married
AFVD5,Michael Harris,Male,28,Fukuoka,Medium,Married
AGRGI,Emily Anderson,Male,53,Provence-Alpes-Côte d'Azur,Low,Single
AG7XD,John White,Female,64,Wales,High,Single
AEGWP,Emily Jackson,Male,25,West Bengal,High,Single
AFNCX,Daniel Jackson,Male,61,Wales,Medium,Married
AHQM6,Chris Harris,Male,51,Nouvelle-Aquitaine,High,Single
AG6LA,Jane Martin,Female,36,Occitanie,Medium,Single
AG3P4,John Anderson,Female,40,Occitanie,Medium,Single
AH6LP,Jessica Martin,Male,58,Scotland,Medium,Single
AEV2R,Daniel Johnson,Female,60,Wales,High,Married
AFCNM,Daniel Brown,Male,41,Fukuoka,Low,Married
AHTBD,Jessica Martin,Male,18,Queensland,Low,Single
AGDI3,Michael Brown,Male,39,Tamil Nadu,High,Single
AFUKX,Jane Harris,Female,20,British Columbia,Low,Married
AG62N,Emily Jackson,Female,48,Florida,High,Married
AF6FW,Daniel White,Male,35,Fukuoka,Low,Single
AGSYX,Emily Johnson,Male,66,England,Low,Single
AGFSO,Chris Jackson,Female,28,Provence-Alpes-Côte d'Azur,Low,Single
AHOSV,Sophia Martin,Female,24,Provence-Alpes-Côte d'Azur,Low,Married
AGC2P,Jessica Brown,Male,34,Occitanie,Medium,Single
AEF5R,John Johnson,Male,32,Occitanie,Low,Married
AFOBW,Olivia Thomas,Female,44,Provence-Alpes-Côte d'Azur,High,Married
AGI4C,Jane Harris,Male,33,Karnataka,Medium,Married
AE376,Michael White,Male,45,Tamil Nadu,Medium,Married
AEKIH,Michael White,Male,57,Wales,Medium,Married
AFC7Q,Daniel Johnson,Female,65,Delhi,High,Married
AGSPA,Sophia Smith,Male,40,England,Low,Married
AGLAZ,Michael Brown,Female,18,California,Medium,Married
AEZTX,John Anderson,Male,18,Queensland,High,Single
AGPGS,Jessica Brown,Male,49,Nouvelle-Aquitaine,Medium,Single
AGK76,John Jackson,Female,54,Occitanie,High,Married
AGD6N,John Brown,Male,19,South Australia,High,Married
AETT3,Michael Taylor,Female,54,Florida,Medium,Single
AG65C,Michael Jackson,Male,32,West Bengal,Low,Married
AGXE2,Michael Taylor,Female,53,Nouvelle-Aquitaine,High,Married
AG3G7,Emily White,Female,64,Hokkaido,Low,Single
AFQLU,Sophia Jackson,Female,49,Aichi,Medium,Married
AHYZC,Michael Brown,Female,53,Provence-Alpes-Côte d'Azur,Medium,Single
AG7KK,Emily Taylor,Male,38,England,Medium,Married
AHI7M,Sophia Thomas,Female,38,Bavaria,High,Married
AF52S,David Taylor,Male,34,Wales,Low,Single
AEKKB,Michael Smith,Female,60,England,Low,Single
AGRQV,John Johnson,Female,51,Queensland,High,Single
AHN4S,Jane Jackson,Female,30,Karnataka,Low,Single
AE2QS,Emily Martin,Female,57,Wales,Low,Single
AEULM,Daniel Martin,Male,66,Queensland,Medium,Married
AFW5X,Chris Smith,Female,42,Wales,High,Single
AF63Z,Michael Brown,Female,44,Provence-Alpes-Côte d'Azur,Medium,Married
AEJ4B,Jane Johnson,Female,23,Maharashtra,Medium,Single
AGMK2,David Jackson,Male,25,Scotland,High,Married
AHTNF,Daniel Martin,Male,58,Nouvelle-Aquitaine,Low,Married
AEXY2,Sophia Taylor,Male,40,Occitanie,High,Single
AETND,John White,Female,29,Bavaria,High,Single
AEVJ7,Sophia White,Male,29,Saxony,Low,Married
AGPAF,Jane Smith,Female,53,Hokkaido,Low,Single
AHG7R,Michael White,Female,21,Occitanie,High,Single
AHPLA,Jessica Taylor,Male,23,Nouvelle-Aquitaine,Low,Single
AGHTZ,Michael Anderson,Male,54,Maharashtra,Medium,Single
AGELG,Chris Smith,Male,31,England,Low,Married
AE6TT,Jane Thomas,Male,46,Occitanie,Low,Married
AEF5Y,Jessica White,Female,19,England,High,Single
AHRVM,Daniel Anderson,Male,53,Wales,High,Single
AEBO2,John Thomas,Male,42,Florida,Medium,Married
AE2XB,David Martin,Female,38,Victoria,High,Married
AEKGN,Chris Harris,Female,48,Hokkaido,High,Single
AFE7R,David Taylor,Female,56,Illinois,Medium,Single
AFZD4,Daniel Thomas,Male,26,Occitanie,Low,Married
AE5B5,Jane White,Male,64,Scotland,High,Married
AHIZS,Chris Brown,Female,28,Fukuoka,Medium,Single
AHGSR,Chris Anderson,Male,59,Tamil Nadu,High,Single
AG726,Olivia Harris,Female,52,Occitanie,High,Single
AEAJ3,Olivia White,Female,30,Scotland,Low,Married
AGKIM,Jane Johnson,Female,28,Florida,Medium,Married
AEX7B,John Jackson,Male,66,Scotland,Medium,Single
AEHIU,Daniel Jackson,Male,22,South Australia,High,Married
AFIZU,Michael Jackson,Female,39,Fukuoka,Medium,Married
AEAHQ,David Anderson,Male,43,Aichi,Medium,Married
AHJ3E,Jane Johnson,Male,27,Provence-Alpes-Côte d'Azur,Medium,Single
AHQWV,Jane Taylor,Female,42,Queensland,Low,Married
AG6WN,Emily White,Female,52,Hokkaido,Low,Married
AFSWM,Olivia Taylor,Male,59,Bavaria,Medium,Married
AFTZB,David Brown,Male,47,Hokkaido,Medium,Single
AFFIT,Chris Anderson,Female,25,Aichi,Medium,Single
AG5AX,Olivia White,Female,36,Bavaria,Medium,Single
AE3S2,Jessica Anderson,Female,52,Victoria,Medium,Married
AFCUW,Olivia White,Male,35,Berlin,Low,Single
AHBS2,Daniel Taylor,Male,50,Victoria,Medium,Single
AGYJW,Emily Taylor,Female,42,Aichi,Low,Single
AEWMP,Jessica Brown,Female,36,Alberta,Medium,Married
AE5D3,Jane Harris,Male,32,Wales,Medium,Married
AGMYV,Sophia Jackson,Female,59,Nouvelle-Aquitaine,Low,Single
AGKYL,David Anderson,Male,34,Queensland,Low,Married
AGUTG,Chris Smith,Female,46,Florida,Low,Married
AEHC7,David Martin,Male,67,England,Medium,Married
AGKT6,Sophia Martin,Male,29,Scotland,High,Single
AFFOW,Chris Brown,Male,26,England,Low,Single
AHWQQ,Daniel Thomas,Male,52,Berlin,Medium,Married
AECMQ,David Brown,Male,43,California,Medium,Single
AEHCV,Chris Harris,Female,58,Tamil Nadu,High,Married
AELPA,Michael Harris,Male,19,Provence-Alpes-Côte d'Azur,Low,Married
AGMD2,Emily Anderson,Male,37,Fukuoka,High,Married
AGWXU,Michael Thomas,Female,66,Tamil Nadu,Medium,Single
AFZ7B,Michael Martin,Male,27,Tamil Nadu,High,Single
AFCN4,Olivia Smith,Male,27,England,Medium,Single
AFJIO,Jane Johnson,Female,25,Fukuoka,Low,Single
AFMYE,Sophia Anderson,Male,47,Fukuoka,Low,Single
AEYGI,Daniel Taylor,Male,19,Wales,Medium,Single
AEIGF,Michael White,Female,27,England,Medium,Married
AFXZN,Olivia Taylor,Male,20,Wales,High,Married
AFTJI,Sophia Smith,Male,40,Maharashtra,Medium,Married
AGJ2F,Chris Thomas,Male,31,Tamil Nadu,Low,Single
AHAV4,Emily Thomas,Male,27,Scotland,Low,Married
AFVTO,Daniel Harris,Male,67,Queensland,Medium,Married
AHGPG,Olivia Jackson,Male,54,Saxony,Low,Married
AGTII,Emily Brown,Male,25,Illinois,Medium,Married
AGNLX,Jane Jackson,Male,22,Bavaria,High,Married
AEW6M,Emily Thomas,Male,53,Delhi,Medium,Married
AFLGI,Chris Smith,Male,56,Nouvelle-Aquitaine,Low,Single
AEOZN,Emily Johnson,Male,56,Nouvelle-Aquitaine,High,Married
AE7D3,Jessica Smith,Female,24,Provence-Alpes-Côte d'Azur,High,Married
AHV4R,Jane Johnson,Male,33,Provence-Alpes-Côte d'Azur,Medium,Married
AGJBZ,David Johnson,Female,35,Occitanie,Medium,Single
AGFI7,Sophia Brown,Female,48,Aichi,Low,Single
AF7KV,Sophia Anderson,Male,30,Illinois,Medium,Single
AGVKC,Michael Harris,Female,68,Berlin,High,Single
AEEH5,Chris Taylor,Female,67,California,Medium,Married
AGIQY,Chris Smith,Male,67,Berlin,High,Single
AH6ZY,Chris Anderson,Female,63,Scotland,Low,Married
AF33N,Daniel Harris,Female,20,Queensland,High,Single
AEB6Z,Olivia Anderson,Female,27,Provence-Alpes-Côte d'Azur,Low,Married
AEG6N,John Thomas,Male,56,Quebec,Medium,Single
AF2RA,Michael White,Male,35,Nouvelle-Aquitaine,Medium,Married
AHPRN,Olivia Johnson,Male,64,Florida,Low,Single
AE2XM,John Brown,Female,22,Nouvelle-Aquitaine,Medium,Single
AEEFU,Daniel Smith,Female,68,England,Low,Married
AFQ3U,John White,Female,66,Occitanie,Medium,Married
AH25R,Michael Thomas,Female,52,Florida,Medium,Married
AFSJU,Sophia Jackson,Male,25,Berlin,High,Single
AHMBY,Daniel Harris,Female,30,Bavaria,High,Married
AEVZ5,Sophia Brown,Male,49,Alberta,High,Single
AH63H,Jessica Taylor,Male,60,Occitanie,Low,Single
AGA4V,Michael Thomas,Female,50,Scotland,Medium,Single
AFPBB,Jessica Martin,Male,48,Queensland,Low,Single
AHL43,Emily White,Male,59,West Bengal,High,Single
AGLOZ,David Martin,Female,46,Occitanie,Medium,Married
AENWP,Olivia Smith,Female,37,Karnataka,Low,Married
AG4CU,John Smith,Male,49,Aichi,Low,Single
AG23N,Daniel Martin,Male,48,Occitanie,High,Single
AE6FS,Emily Thomas,Male,43,Victoria,Medium,Single
AF3I4,Jane Harris,Female,18,Provence-Alpes-Côte d'Azur,High,Married
AFXXF,David Harris,Male,19,Delhi,High,Married
AFJAE,Jane Anderson,Male,64,Fukuoka,Low,Married
AFRA4,Jessica Anderson,Female,63,British Columbia,High,Single
AEGQJ,Jessica Harris,Female,42,Saxony,Low,Married
AGRDT,Jessica Thomas,Female,69,Wales,Medium,Married
AF5ID,Olivia Taylor,Male,66,Quebec,Medium,Married
AFM6I,Jessica Thomas,Female,48,Wales,Low,Single
AE42E,Jane Brown,Male,63,Hokkaido,High,Married
AETGW,Olivia Martin,Male,21,Scotland,High,Married
AHBIS,Chris Harris,Male,43,Karnataka,High,Single
AHHCE,Chris Brown,Female,24,South Australia,Medium,Married
AFF4T,Sophia Johnson,Male,58,Occitanie,High,Married
AHMOB,Sophia Martin,Male,61,Provence-Alpes-Côte d'Azur,Low,Married
AGQZ4,Michael Smith,Female,68,Delhi,High,Single
AFMJD,John Jackson,Female,56,Aichi,High,Married
AG2KS,Michael Taylor,Male,24,Queensland,Low,Single
AGJTP,Jane Johnson,Female,29,Berlin,Low,Single
AEDCF,Michael Thomas,Male,54,Provence-Alpes-Côte d'Azur,Low,Married
AGI3L,Jessica Jackson,Female,58,Hokkaido,High,Married
AGYJ6,Daniel White,Female,64,England,High,Single
AFVYG,Daniel Smith,Female,47,Hamburg,Medium,Married
AGQPA,Emily Anderson,Female,33,Quebec,Medium,Single
AGTBY,David Anderson,Female,42,Tamil Nadu,High,Single
AE6PY,Daniel Thomas,Female,29,Illinois,High,Single
AHMFA,Chris Thomas,Female,32,California,Low,Married
AGEWF,Daniel Thomas,Male,62,Hokkaido,High,Married
AF7XW,John Martin,Male,41,Provence-Alpes-Côte d'Azur,High,Single
AHVZA,Olivia Martin,Female,59,California,Low,Single
AE42O,Daniel Brown,Male,28,Illinois,Medium,Single
AFQCU,Olivia Thomas,Female,27,Hokkaido,Medium,Married
AFDP6,Michael Harris,Male,25,Alberta,Medium,Married
AF4RZ,John Thomas,Female,41,Provence-Alpes-Côte d'Azur,Low,Married
AFHU7,Jane Smith,Male,39,Provence-Alpes-Côte d'Azur,Medium,Single
AHWC6,Sophia Harris,Male,63,Nouvelle-Aquitaine,Medium,Married
AE23R,Daniel Johnson,Female,23,South Australia,High,Married
AHM4Z,Emily Harris,Female,38,Occitanie,High,Married
AHFAY,John Thomas,Male,52,Bavaria,Medium,Married
AHNVM,Sophia Brown,Male,30,South Australia,Low,Married
AFIIP,Jessica Anderson,Male,32,Hamburg,Medium,Married
AFBFA,Michael Harris,Male,24,Provence-Alpes-Côte d'Azur,Medium,Married
AHXSY,Chris Jackson,Male,25,Queensland,Low,Single
AECUH,Emily Harris,Female,67,Nouvelle-Aquitaine,High,Single
AFY43,Emily White,Female,56,Florida,Medium,Single
AGEBU,Jessica Thomas,Male,45,Occitanie,Medium,Married
AHHR5,John Smith,Female,57,Florida,High,Married
AHFT3,Daniel Smith,Female,31,Aichi,Medium,Single
AFBHL,John Harris,Female,38,Bavaria,Medium,Married
AF46T,Daniel Johnson,Female,52,Wales,High,Single
AE7ZY,John Harris,Male,31,California,Low,Single
AF23K,Jane Thomas,Female,33,Scotland,Low,Married
AFVKR,John Johnson,Female,57,England,Low,Married
AGI22,Daniel Harris,Male,67,Karnataka,Low,Married
AGKKN,Michael Jackson,Female,36,Nouvelle-Aquitaine,Medium,Single
AHQKN,Sophia Johnson,Female,44,Occitanie,High,Married
AHFKB,Michael Jackson,Female,27,Alberta,High,Married
AF2FW,David Harris,Female,34,Provence-Alpes-Côte d'Azur,Medium,Single
AEB47,Jessica Anderson,Male,69,Saxony,Low,Married
AGPSL,Emily Taylor,Female,32,Victoria,Low,Married
AHRVV,Jessica White,Female,43,Scotland,High,Married
AFQJZ,Michael Thomas,Female,47,Wales,Medium,Single
AGWW6,Emily Brown,Male,40,Queensland,Medium,Married
AETWB,Sophia Anderson,Female,39,Queensland,Medium,Single
AFEKM,Olivia Brown,Male,23,Occitanie,Medium,Single
AET6I,Chris Johnson,Female,50,Berlin,Low,Single
AHUG6,Michael Harris,Female,25,Occitanie,Low,Married
AHS2A,Emily Taylor,Female,61,Bavaria,High,Married
AH7ZF,Daniel Harris,Female,58,Occitanie,High,Married
AF6LI,Daniel White,Male,61,West Bengal,Low,Married
AGHGG,Sophia Anderson,Male,30,Delhi,Medium,Married
AH2MR,Emily Harris,Female,42,Victoria,Low,Married
AGNRG,Chris Jackson,Female,48,Scotland,Medium,Married
AGXV3,Emily White,Male,30,Fukuoka,Low,Single
AHI2T,Sophia Johnson,Female,57,Occitanie,Low,Single
AHS4C,Jane Martin,Female,27,Nouvelle-Aquitaine,Low,Married
AF2OO,Chris Anderson,Female,49,Occitanie,Low,Single
AFWHK,John Smith,Female,42,Karnataka,Medium,Married
AGX7Q,Emily Jackson,Male,23,Scotland,Low,Single
AFK6D,Chris Johnson,Female,50,Nouvelle-Aquitaine,Low,Married
AHSLO,Jane Harris,Male,20,Bavaria,Low,Single
AHELT,Jessica Martin,Female,35,Nouvelle-Aquitaine,Low,Married
AEWWW,Sophia Anderson,Female,62,Provence-Alpes-Côte d'Azur,Low,Married
AFTXF,Sophia Jackson,Male,48,Berlin,Low,Single
AEOEF,Olivia Thomas,Male,18,British Columbia,Medium,Married
AHLQS,Jessica Thomas,Male,54,California,Low,Married
AGOKX,David Johnson,Male,50,Bavaria,Low,Married
AEKVP,Chris Johnson,Female,41,Aichi,Low,Single
AEYE6,Daniel Martin,Male,40,Scotland,Low,Single
AESS4,Jessica Thomas,Female,37,South Australia,Medium,Single
AE3DR,Emily Harris,Male,44,England,Medium,Single
AGIVW,Jane Jackson,Female,18,Alberta,Low,Married
AFQZV,Sophia Johnson,Female,30,England,Medium,Single
AHQLM,Jessica White,Male,35,Occitanie,Low,Single
AG43Z,Jane Thomas,Male,52,Aichi,Medium,Married
AET3F,David Johnson,Female,56,Nouvelle-Aquitaine,Medium,Single
AE5LE,Sophia Anderson,Male,49,Hamburg,High,Married
AGOCK,Emily Smith,Male,24,Provence-Alpes-Côte d'Azur,High,Single
AHA3J,Emily Jackson,Female,62,Illinois,Medium,Single
AHX5C,David Thomas,Female,61,Occitanie,Medium,Married
AEWNF,Michael Jackson,Female,31,Provence-Alpes-Côte d'Azur,Medium,Single
AHFS3,Olivia Thomas,Female,47,Scotland,High,Married
AHKAX,Chris Thomas,Female,33,Nouvelle-Aquitaine,Low,Single
AFIW7,Sophia Harris,Female,36,Occitanie,High,Single
AEMDF,Jane Taylor,Female,36,Queensland,Medium,Single
AFCEP,Michael Anderson,Male,55,Berlin,Low,Single
AGOQZ,Daniel Thomas,Female,31,Provence-Alpes-Côte d'Azur,Low,Single
AF4OL,Michael Thomas,Female,30,Occitanie,High,Single
AE7WY,Olivia Taylor,Female,39,Queensland,Medium,Married
AFR3C,Jessica Thomas,Male,32,Occitanie,Low,Single
AGMCZ,Chris Jackson,Female,43,Bavaria,High,Single
AFZ5A,Daniel Brown,Female,68,Queensland,Low,Married
AF5OH,Sophia Smith,Female,58,Wales,Low,Single
AGCKL,Daniel Jackson,Female,68,Quebec,High,Single
AFUYY,Jessica Harris,Female,49,Tamil Nadu,High,Single
AE7M7,David White,Male,41,Quebec,Medium,Single
AGJOL,David Taylor,Male,22,Alberta,High,Married
AEZVO,Olivia Smith,Female,51,Occitanie,Medium,Single
AENY7,Sophia Anderson,Male,68,Scotland,Low,Single
AG6A2,John Johnson,Female,46,British Columbia,Low,Married
AGVCT,Jessica Johnson,Male,45,Hamburg,Medium,Married
AHF3W,Chris Anderson,Male,61,Florida,Medium,Single
AGYNR,Michael Anderson,Female,26,Scotland,Medium,Married
AHVLM,David Anderson,Female,19,England,Low,Married
AE3T4,Emily Jackson,Female,19,Karnataka,Medium,Married
AFENR,Jessica Jackson,Female,64,Queensland,Low,Single
AFL4C,Olivia Johnson,Female,65,Queensland,Medium,Married
AGND3,Sophia Thomas,Male,43,Queensland,High,Single
AEPRN,John Harris,Female,48,Victoria,High,Married
AGBIT,Olivia Johnson,Female,30,Aichi,Medium,Single
AFHCG,Jessica Martin,Female,69,California,Medium,Married
AFJVA,Sophia Thomas,Male,40,Hokkaido,Medium,Married
AGBFU,Chris Harris,Male,60,Queensland,High,Single
AEU7D,Michael Anderson,Male,23,Nouvelle-Aquitaine,Medium,Married
AGDV2,Emily Brown,Female,34,British Columbia,High,Single
AHODV,Jessica Jackson,Male,48,Maharashtra,High,Single
AFS5P,Jessica Johnson,Male,67,Berlin,Low,Married
AFMJG,Olivia Thomas,Male,65,Maharashtra,High,Single
AENPI,Olivia Martin,Male,66,Bavaria,Medium,Single
AFAD3,Jessica Johnson,Female,49,Maharashtra,Medium,Single
AGOUM,Sophia Martin,Female,23,Karnataka,High,Married
AERNK,John Brown,Female,56,Scotland,Low,Single
AENFB,Michael Anderson,Male,37,Fukuoka,Medium,Married
AHGFU,Jane Smith,Female,44,Wales,High,Single
AFBJU,Jane White,Male,45,Queensland,High,Married
AG6W5,John White,Male,24,Hokkaido,High,Single
AFEKJ,David White,Male,56,California,High,Married
AGGFX,Jane Taylor,Female,31,British Columbia,Low,Single
AHA6L,Sophia Smith,Male,28,Maharashtra,Medium,Married
AHMV7,Michael White,Male,63,Fukuoka,Medium,Single
AHHRH,David Thomas,Female,31,Provence-Alpes-Côte d'Azur,Medium,Married
AFN56,Michael Johnson,Male,44,British Columbia,Medium,Single
AE57E,Sophia Anderson,Female,20,Bavaria,High,Single
AHO6A,Jessica Martin,Male,42,Berlin,High,Married
AGUM6,Jane Johnson,Male,56,Hamburg,Medium,Married
AHT4O,John Taylor,Female,41,Queensland,High,Single
AHNDW,Michael Johnson,Female,39,Berlin,High,Single
AEDOY,John Martin,Female,38,Hamburg,Low,Married
AEVL6,Michael Martin,Female,22,Scotland,Medium,Single
AEKI4,Emily Jackson,Male,35,Nouvelle-Aquitaine,Low,Married
AGDKU,Jessica Jackson,Female,61,England,Low,Married
AHMTC,Jessica White,Female,63,Illinois,High,Single
AHDIS,David White,Male,67,California,Low,Married
AH4EV,Emily Anderson,Male,43,England,Low,Married
AHYKY,David Brown,Male,52,Illinois,High,Married
AF5YT,Chris Brown,Male,35,Queensland,Low,Single
AFGFQ,Jessica Thomas,Female,55,Fukuoka,High,Single
AFE4Z,John Harris,Male,29,Fukuoka,High,Single
AFCTH,Daniel Taylor,Male,56,West Bengal,Medium,Married
AESRB,Chris Johnson,Male,35,Berlin,High,Married
AHHUP,Sophia Johnson,Male,59,Florida,Low,Single
AGYLQ,Emily Taylor,Female,52,Wales,Low,Single
AG2VM,Jessica Brown,Male,56,Wales,Medium,Married
AEBMJ,Jane Jackson,Female,28,England,Medium,Married
AH7K6,Daniel White,Female,53,England,Medium,Married
AH2NL,Daniel Jackson,Female,41,Fukuoka,Low,Married
AFMYG,David Harris,Female,32,Delhi,Medium,Single
AGDWM,Olivia Jackson,Male,36,Saxony,High,Married
AH24G,Michael Johnson,Female,34,Occitanie,High,Single
AF4KT,Olivia Brown,Male,27,Victoria,High,Married
AECBO,Emily Taylor,Female,18,Provence-Alpes-Côte d'Azur,Low,Married
AFDST,Jessica Smith,Female,42,Florida,High,Single
AFSZE,Daniel Jackson,Male,67,West Bengal,Medium,Single
AGQFZ,Emily Jackson,Female,38,Scotland,Low,Married
AFR4D,Jane Anderson,Male,32,Fukuoka,High,Single
AFA6N,Emily White,Female,21,Occitanie,Low,Single
AENJB,David Brown,Male,49,Occitanie,Low,Single
AGY5E,Olivia Brown,Female,50,South Australia,High,Single
AFGPS,Jessica Martin,Male,63,Alberta,High,Single
AGRJZ,Sophia Jackson,Male,48,Nouvelle-Aquitaine,Medium,Married
AHF4Q,Emily Harris,Male,47,Occitanie,Medium,Single
AGP7F,John Brown,Female,29,Nouvelle-Aquitaine,Low,Single
AHIJV,Daniel White,Male,47,Provence-Alpes-Côte d'Azur,Low,Single
AHS7I,Emily Johnson,Female,33,Occitanie,Low,Married
AH4WZ,Jane Taylor,Female,39,Fukuoka,High,Single
AHXO7,John Anderson,Female,19,Provence-Alpes-Côte d'Azur,High,Single
AFQS7,Chris Jackson,Male,55,Bavaria,Low,Married
AFWJE,David White,Female,51,Florida,Medium,Single
AEG4V,Jane Jackson,Female,43,Quebec,Medium,Married
AFAVA,John Harris,Female,32,California,Medium,Married
AFUZ2,Jessica Jackson,Male,56,Berlin,Low,Single
AFMIE,Chris Jackson,Female,31,Tamil Nadu,Low,Married
AH7OT,David Martin,Male,42,Occitanie,Medium,Married
AHA4Y,Jessica Harris,Male,31,Hokkaido,Low,Single
AG56B,Daniel Brown,Female,40,Hamburg,Low,Married
AHLGR,Michael White,Male,23,Alberta,Medium,Married
AFQAX,Emily Harris,Male,37,Wales,Medium,Married
AG6N6,Chris Brown,Male,64,England,High,Married
AGP5Y,Sophia Smith,Male,21,Fukuoka,High,Single
AGMHH,David Smith,Male,57,Fukuoka,High,Married
AGQB7,Daniel Smith,Male,20,Bavaria,Low,Married
AG6AS,Daniel Martin,Female,57,Nouvelle-Aquitaine,Medium,Single
AECYT,Jessica Smith,Male,18,West Bengal,Low,Single
AH4ZZ,John Harris,Female,42,Bavaria,Medium,Single
AH6MH,Daniel Harris,Female,54,Nouvelle-Aquitaine,High,Married
AH3B5,Sophia White,Male,18,Hokkaido,Low,Single
AFM3U,John Anderson,Male,67,California,High,Married
AE5DR,Jessica Johnson,Male,63,Florida,High,Married
AGCID,Emily Brown,Male,20,Hokkaido,High,Married
AGJPG,Sophia Harris,Female,50,British Columbia,Low,Single
AHAAD,Daniel Smith,Female,25,California,High,Single
AFCPQ,Jessica Thomas,Male,27,Scotland,High,Married
AFM4A,John White,Male,25,Hokkaido,High,Married
AHUR3,John White,Male,35,Provence-Alpes-Côte d'Azur,Medium,Single
AE5CX,Chris Taylor,Female,40,Scotland,Low,Single
AGV6Q,Olivia Brown,Male,55,Florida,High,Married
AFXYP,Daniel Smith,Female,43,Hamburg,Low,Single
AHRDA,Jane Jackson,Female,33,Scotland,Low,Single
AHKRB,Sophia Smith,Male,62,Karnataka,Low,Single
AE5TY,Jane Johnson,Female,44,Delhi,Medium,Married
AHGP4,Daniel Brown,Male,21,Occitanie,High,Single
AG22Q,Michael Smith,Female,52,West Bengal,Medium,Single
AF4PT,Michael Harris,Female,47,Occitanie,High,Married
AF2CS,Michael Taylor,Female,22,Bavaria,High,Married
AF7QK,Jane White,Female,19,Provence-Alpes-Côte d'Azur,Medium,Married
AHXNE,Sophia Anderson,Female,51,Florida,Medium,Single
AEBZ2,John White,Male,42,West Bengal,Low,Married
AGYUF,Olivia Taylor,Male,36,Bavaria,Medium,Married
AFZES,Daniel Thomas,Female,20,Illinois,Medium,Married
AGT6U,Olivia Johnson,Male,49,Scotland,High,Single
AGB3F,Daniel Martin,Female,60,Occitanie,Low,Married
AHFIL,Olivia Brown,Male,42,Victoria,Low,Single
AFEJI,Emily Smith,Female,34,Queensland,Low,Single
AEUGP,Olivia Brown,Female,56,Hokkaido,Low,Single
AEFYJ,David Smith,Female,51,Nouvelle-Aquitaine,High,Married
AG23E,Sophia Smith,Female,24,South Australia,Medium,Married
AFSG3,David Smith,Male,44,Bavaria,High,Single
AHTJV,John Taylor,Male,41,Wales,Low,Married
AGHNV,Emily Harris,Male,52,Aichi,Medium,Married
AETUV,John White,Male,19,Fukuoka,Medium,Married
AF67L,Daniel Brown,Female,36,Berlin,Low,Single
AECK2,Olivia Johnson,Male,34,Bavaria,Medium,Married
AEIDE,Sophia Johnson,Male,65,Fukuoka,High,Single
AGXLM,John Johnson,Female,27,Hokkaido,Low,Married
AENFD,Daniel White,Male,44,Fukuoka,Low,Married
AGZRM,Michael Harris,Male,31,Maharashtra,Low,Married
AHEE4,Chris Thomas,Male,39,Aichi,High,Single
AEJS5,Chris Harris,Female,34,Bavaria,High,Married
AFZ2Y,Michael White,Female,60,Fukuoka,Medium,Married
AEKB7,Jane Thomas,Male,20,Queensland,Medium,Single
AEUXM,Sophia Smith,Female,22,Illinois,Medium,Single
AHVHH,Emily White,Female,54,Bavaria,Medium,Married
AEY6P,Jane Johnson,Male,57,Queensland,Low,Married
AGDD5,Chris Taylor,Female,44,Scotland,High,Single
AF7PP,Michael Smith,Male,69,England,Low,Single
AG2VW,Jessica Thomas,Male,19,Berlin,High,Single
AFIO2,Michael Harris,Female,67,West Bengal,Low,Married
AE6YW,Jane Thomas,Female,63,Bavaria,High,Married
AEJKH,Sophia Anderson,Female,23,Fukuoka,High,Married
AEKMK,Jessica Taylor,Female,42,Quebec,High,Single
AHXQP,Daniel Thomas,Female,22,Bavaria,Medium,Married
AHZJH,Jessica Jackson,Male,64,Queensland,Medium,Single
AH6NX,Emily Taylor,Male,50,Occitanie,High,Single
AGYS2,Olivia White,Male,57,Victoria,Medium,Married
AH6EY,Sophia Martin,Male,46,Quebec,Low,Single
AENGR,Chris Harris,Male,64,England,Medium,Single
AFUIW,Chris Brown,Female,27,Berlin,High,Married
AFCLV,Emily Johnson,Female,69,Hamburg,Medium,Married
AFS6N,Jessica Taylor,Female,55,Queensland,Medium,Single
AHX7I,Olivia Taylor,Male,20,Victoria,Medium,Married
AE7RG,Emily Smith,Female,37,Scotland,Medium,Single
AGXJA,John Martin,Female,45,British Columbia,Low,Single
AGIHT,Sophia Harris,Male,32,Wales,Low,Married
AHF45,Sophia Taylor,Female,35,England,Medium,Single
AFWRX,Michael Thomas,Male,29,Berlin,Medium,Married
AGSOQ,Michael Martin,Female,43,Nouvelle-Aquitaine,Medium,Single
AGC3Z,Jane Johnson,Female,40,Fukuoka,High,Married
AEK23,Jessica Taylor,Female,45,England,High,Single
AFDTW,Sophia White,Female,50,Aichi,Low,Single
AH6L4,Olivia Jackson,Female,46,Occitanie,High,Married
AFNXA,Emily Thomas,Male,46,Scotland,High,Single
AGHT3,Daniel Thomas,Female,40,Fukuoka,Low,Married
AGWRD,John Martin,Male,56,Bavaria,High,Married
AGPO6,Michael Harris,Male,56,Florida,Medium,Single
AEHI7,David Jackson,Female,21,Queensland,High,Married
AGGPB,Emily White,Female,25,Occitanie,Low,Married
AH6P2,John Thomas,Male,20,Occitanie,Medium,Married
AELHZ,Michael White,Male,41,Saxony,Low,Married
AEYYS,David Anderson,Female,54,Queensland,Medium,Single
AG6ST,John Johnson,Female,23,Wales,Medium,Single
AFRHR,Sophia Harris,Female,55,Saxony,High,Married
AEPMS,John Taylor,Female,36,Maharashtra,Medium,Married
AGATY,Jessica Brown,Male,48,Occitanie,Low,Married
AG3PL,Michael Anderson,Female,58,Tamil Nadu,High,Single
AG2RE,Olivia Jackson,Female,69,Wales,Medium,Married
AE4L3,Sophia Smith,Male,54,Scotland,Low,Married
AELCV,Jessica Thomas,Male,37,Occitanie,Medium,Married
AENQU,Chris Taylor,Male,44,Nouvelle-Aquitaine,High,Single
AGR7U,David Jackson,Male,63,Wales,Medium,Married
AG636,Sophia Thomas,Male,24,Hokkaido,Medium,Married
AGVON,Emily Smith,Male,21,England,Medium,Married
AFS2K,Michael Smith,Female,65,Fukuoka,Medium,Single
AHZFK,Sophia Thomas,Female,26,Provence-Alpes-Côte d'Azur,Medium,Single
AGBNL,Jessica Harris,Female,47,Quebec,Low,Single
AEQX3,Michael Jackson,Female,20,Wales,High,Married
AFXT4,Sophia Brown,Male,68,England,Low,Married
AGYTF,Chris Brown,Female,22,Alberta,High,Single
AHJT2,Jessica White,Female,66,Queensland,Low,Married
AHC7U,Jane Martin,Male,26,California,Medium,Married
AGRAA,Emily Jackson,Male,29,Fukuoka,Medium,Married
AGD2U,Michael Thomas,Male,52,Fukuoka,Low,Single
AGUJD,Michael Taylor,Female,57,Karnataka,Low,Married
AH2PW,Michael White,Male,67,Hokkaido,High,Single
AEUTM,David Harris,Male,33,Wales,Low,Married
AFA27,John Smith,Male,42,Fukuoka,High,Single
AFVRA,Jessica Anderson,Male,35,West Bengal,Medium,Single
AHWEG,Jessica White,Male,38,Nouvelle-Aquitaine,Low,Married
AEP43,Daniel Johnson,Female,36,Tamil Nadu,Low,Married
AFIW2,Jane Harris,Female,68,Queensland,Low,Married
AHRTY,John Taylor,Female,56,Berlin,High,Married
AH2JO,John Jackson,Female,40,Bavaria,Medium,Single
AFFEE,David Brown,Male,53,South Australia,Low,Married
AF2JJ,Chris Martin,Female,26,Aichi,High,Married
AFDML,Olivia Taylor,Female,38,Hamburg,Medium,Single
AEZB5,David Martin,Female,38,England,Low,Single
AGBYW,Olivia White,Male,54,Quebec,Medium,Married
AHFGO,Michael Anderson,Male,29,California,Medium,Married
AG2BB,Daniel Taylor,Male,18,Occitanie,Medium,Single
AHASL,Emily Harris,Male,68,Bavaria,High,Married
AHR5L,Daniel Jackson,Male,26,Nouvelle-Aquitaine,Low,Single
AEGJT,Jessica Taylor,Male,19,Saxony,Low,Married
AECLI,Emily Johnson,Female,29,Maharashtra,Medium,Married
AF23N,Emily Brown,Male,41,Saxony,Low,Married
AHAXZ,Jane Taylor,Male,22,Provence-Alpes-Côte d'Azur,High,Single
AGMYS,Jane Johnson,Female,52,Occitanie,Medium,Married
AGSSG,Sophia Brown,Male,34,Wales,High,Single
AGAJX,John Anderson,Female,67,Scotland,High,Single
AHIDF,Daniel Martin,Female,62,Berlin,Medium,Married
AFS7B,Jane Taylor,Male,50,Scotland,High,Single
AEM2O,Olivia Anderson,Female,24,Maharashtra,Low,Married
AGKZK,Emily White,Male,19,Alberta,High,Single
AFUXD,Emily White,Female,48,Provence-Alpes-Côte d'Azur,High,Single
AGOHE,Chris Thomas,Male,64,Queensland,Medium,Single
AEXIM,Jane Anderson,Male,60,England,High,Married
AFUH5,Chris Anderson,Female,63,Nouvelle-Aquitaine,High,Married
AG72H,Daniel Harris,Male,18,Scotland,Low,Single
AECTT,Daniel Brown,Male,44,England,Low,Married
AF4B3,Chris Martin,Male,69,Bavaria,Medium,Single
AHCSF,David Taylor,Male,49,Scotland,Medium,Married
AGLUP,Olivia Harris,Female,20,South Australia,High,Married
AFZBW,Jessica Taylor,Female,57,California,High,Married
AHNCY,Emily Smith,Female,62,Berlin,Low,Single
AG7YX,Michael Jackson,Male,69,Bavaria,Medium,Single
AER7I,Chris Johnson,Female,18,Wales,Medium,Single
AHD7U,John Johnson,Female,33,Queensland,Low,Married
AH7CV,Michael Johnson,Male,47,Berlin,High,Single
AHEZ2,David Johnson,Female,45,Bavaria,Medium,Married
AG4KX,Olivia Taylor,Male,38,Aichi,Low,Single
AEVX4,David Harris,Female,48,Provence-Alpes-Côte d'Azur,Low,Single
AGTIS,David Smith,Female,30,England,Medium,Married
AGGOQ,David Anderson,Female,45,West Bengal,Medium,Single
AGLUH,Olivia Johnson,Male,22,Maharashtra,High,Single
AFZOU,Chris Taylor,Male,36,Fukuoka,Medium,Married
AE556,Sophia Johnson,Male,43,Provence-Alpes-Côte d'Azur,High,Married
AEZUK,Olivia Jackson,Female,25,Queensland,Medium,Single
AGV2Q,Michael Jackson,Male,60,Occitanie,Low,Married
AHJX6,Michael Martin,Female,34,Bavaria,Medium,Married
AFGVI,Sophia Taylor,Female,67,Hokkaido,Low,Married
AFBU5,Chris Johnson,Female,30,England,Low,Single
AFRB3,John Jackson,Female,54,Wales,High,Single
AHYDK,Jane White,Female,39,Saxony,Low,Single
AE64U,Jessica Jackson,Male,55,Fukuoka,Low,Single
AG7XS,Olivia Martin,Male,19,Fukuoka,High,Single
AF6I3,Daniel Thomas,Female,30,Queensland,High,Married
AFGT2,Emily White,Female,27,Fukuoka,Medium,Single
AHBJK,David Jackson,Male,60,Bavaria,Low,Single
AEBPX,Sophia Taylor,Male,55,Wales,Low,Single
AEOBC,Daniel Johnson,Male,43,Illinois,High,Married
AHWLT,Olivia White,Male,60,British Columbia,High,Single
AHLSY,Emily Brown,Male,63,West Bengal,Medium,Married
AEZWA,Emily Anderson,Male,48,Queensland,Medium,Married
AFSIT,Jane White,Female,28,Maharashtra,High,Single
AFPPI,Michael Smith,Female,36,Scotland,High,Single
AHHBM,Emily Taylor,Male,38,Victoria,High,Married
AENNX,Sophia Johnson,Female,34,Occitanie,High,Married
AHSGC,Emily Thomas,Male,45,Queensland,Low,Married
AHXO5,Olivia Brown,Male,68,Wales,Medium,Married
AGW2E,David Harris,Male,18,Fukuoka,Low,Single
AH3ZS,Jessica Jackson,Male,51,Bavaria,Low,Married
AEANG,Emily Jackson,Female,27,Saxony,Medium,Single
AF4T2,Michael Anderson,Male,46,Bavaria,High,Single
AERJZ,Michael Taylor,Female,40,Scotland,High,Single
AHXCB,Daniel Anderson,Female,47,Hamburg,Medium,Married
AGHRH,Jane Brown,Female,33,Queensland,High,Married
AFJLD,Jessica Harris,Male,26,West Bengal,Low,Single
AFD54,Michael Harris,Male,45,Queensland,High,Married
AHVVQ,Olivia White,Male,38,Occitanie,High,Married
AHL4F,Michael Anderson,Female,64,California,High,Single
AGS4O,Daniel Harris,Female,25,Hokkaido,Medium,Single
AE7FJ,Jane Jackson,Female,51,Provence-Alpes-Côte d'Azur,Medium,Single
AG33A,Daniel Jackson,Male,66,Aichi,High,Single
AFOFE,Daniel Anderson,Male,42,Provence-Alpes-Côte d'Azur,Medium,Single
AE33H,Daniel Harris,Female,24,Occitanie,Medium,Single
AHVZ5,David Anderson,Female,64,Occitanie,Medium,Single
AHV7V,Sophia White,Female,24,Occitanie,Medium,Single
AEBNU,Daniel Harris,Male,34,West Bengal,Low,Single
AEFNT,Emily White,Male,59,Illinois,High,Married
AHFX5,Jessica Anderson,Male,49,Scotland,Medium,Single
AGYYU,David Jackson,Male,24,Bavaria,Low,Single
AGWWA,Michael Harris,Female,26,South Australia,Low,Single
AEPLC,Michael Brown,Male,49,Bavaria,High,Married
AFQWE,Jessica Johnson,Male,54,Scotland,High,Single
AEDWG,Chris Brown,Male,18,Delhi,Low,Married
AHIVX,Emily Johnson,Female,57,Scotland,High,Single
AEAHC,Emily Thomas,Female,26,Nouvelle-Aquitaine,High,Married
AGYWN,Michael Thomas,Male,52,Bavaria,High,Single
AEACE,Daniel Taylor,Male,55,Aichi,Low,Single
AF6LR,Jessica Jackson,Female,69,Fukuoka,High,Single
AGG6B,Chris Smith,Male,33,Delhi,Medium,Married
AF7UY,Sophia Anderson,Male,18,Berlin,Medium,Single
AGK7P,John Smith,Male,23,Occitanie,High,Married
AHURA,Emily Taylor,Female,35,Fukuoka,Medium,Married
AEHOZ,Olivia Johnson,Female,50,Karnataka,Medium,Married
AECFY,Jessica Thomas,Female,33,England,Low,Single
AFCTM,Emily White,Female,42,Provence-Alpes-Côte d'Azur,High,Single
AHYXO,Daniel Brown,Male,51,Bavaria,Low,Single
AE5FZ,Chris Jackson,Female,49,Hokkaido,Low,Single
AFPKV,David Harris,Male,33,British Columbia,Low,Married
AHITF,Emily Harris,Female,34,Berlin,Medium,Single
AFG5F,Jessica Harris,Male,47,Bavaria,Low,Married
AGVPW,Daniel Brown,Female,24,Occitanie,High,Married
AF2JQ,Michael Johnson,Male,26,Occitanie,Medium,Single
AFGW5,Jessica Thomas,Female,64,Occitanie,High,Single
