Product_ID,Customer_ID,StoreID,Date,Price,Revenue,Units_Sold,Region-Geo,Region_Demo
B07JW9H4J1,AG3D6,9,2022-01-01,399,399.0,6,Middle East,Middle East
B098NS6PVG,AECPF,24,2022-01-02,199,199.0,5,North America,North America
B096MSW6CT,AGU3B,13,2022-01-03,199,199.0,2,Africa,Africa
B08HDJ86NZ,AEWAZ,41,2022-01-04,329,329.0,4,South America,South America
B08CF3B7N1,AE3Q6,45,2022-01-05,154,154.0,7,South America,South America
B08Y1TFSP6,AEQ2Y,20,2022-01-06,149,149.0,5,South America,South America
B08WRWPM22,AG7C6,23,2022-01-07,17663,176.63,2,Oceania,Oceania
B08DDRGWTJ,AHW6E,34,2022-01-08,229,229.0,1,Europe,Europe
B008IFXQFU,AGV3I,15,2022-01-09,499,499.0,3,Asia,Asia
B082LZGK39,AECPF,43,2022-01-10,199,199.0,5,Africa,Africa
B08CF3D7QR,AGYLP,4,2022-01-11,154,154.0,1,North America,North America
B0789LZTCJ,AEWAZ,37,2022-01-12,299,299.0,7,North America,North America
B07KSMBL2H,AEYJ5,45,2022-01-13,219,219.0,7,Asia,Asia
B085DTN6R2,AGUAY,27,2022-01-14,350,350.0,8,Europe,Europe
B09KLVMZ3B,AF2XX,40,2022-01-15,159,159.0,8,South America,South America
B083342NKJ,AGSGS,7,2022-01-16,349,349.0,8,South America,South America
B0B6F7LX4C,AHEVO,8,2022-01-17,13999,13999.0,2,Asia,Asia
B082LSVT4B,AECPF,30,2022-01-18,249,249.0,6,Oceania,Oceania
B08WRBG3XW,AFB5K,12,2022-01-19,199,199.0,5,Oceania,Oceania
B08DPLCM6T,AHBNK,3,2022-01-20,13490,13490.0,5,Asia,Asia
B09C6HXFC1,AFNYI,44,2022-01-21,970,970.0,8,Asia,Asia
B085194JFL,AEO5F,29,2022-01-22,279,279.0,9,Africa,Africa
B09F6S8BT6,AHEVO,38,2022-01-23,13490,13490.0,6,Africa,Africa
B09NHVCHS9,AHIKJ,24,2022-01-24,59,59.0,2,Europe,Europe
B0B1YVCJ2Y,AFSMI,5,2022-01-25,11499,11499.0,5,Africa,Africa
B01M4GGIVU,AGVUE,11,2022-01-26,199,199.0,8,South America,South America
B08B42LWKN,AFUT7,44,2022-01-27,14999,14999.0,7,Oceania,Oceania
B094JNXNPV,AFYR5,38,2022-01-28,299,299.0,3,South America,South America
B09W5XR9RT,AHZWJ,39,2022-01-29,970,970.0,2,Oceania,Oceania
B077Z65HSD,AFA33,7,2022-01-30,299,299.0,1,Europe,Europe
B00NH11PEY,AGBX2,8,2022-01-31,199,199.0,3,South America,South America
B09CMM3VGK,AGHYC,40,2022-02-01,179,179.0,6,Oceania,Oceania
B08QSC1XY8,AHMKX,50,2022-02-02,389,389.0,7,South America,South America
B008FWZGSG,AEQWV,12,2022-02-03,599,599.0,3,Oceania,Oceania
B0B4HJNPV4,AF477,36,2022-02-04,199,199.0,9,South America,South America
B08Y1SJVV5,AEQ2Y,18,2022-02-05,99,99.0,6,Middle East,Middle East
B07XLCFSSN,AF2IR,47,2022-02-06,899,899.0,3,Asia,Asia
B09RZS1NQT,AHUH7,17,2022-02-07,199,199.0,2,South America,South America
B0B3MMYHYW,AGDOV,39,2022-02-08,32999,32999.0,6,Middle East,Middle East
B09C6HWG18,AHRUM,37,2022-02-09,970,970.0,4,Europe,Europe
B00NH11KIK,AEYHT,10,2022-02-10,209,209.0,2,Asia,Asia
B09JPC82QC,AHB43,7,2022-02-11,19999,19999.0,6,Asia,Asia
B07JW1Y6XV,AG3D6,49,2022-02-12,399,399.0,2,Europe,Europe
B07KRCW6LZ,AEM35,12,2022-02-13,999,999.0,8,Middle East,Middle East
B09NJN8L25,AHIKJ,42,2022-02-14,59,59.0,3,Africa,Africa
B07XJYYH7L,AE47X,4,2022-02-15,333,333.0,7,Oceania,Oceania
B002PD61Y4,AGA2P,49,2022-02-16,507,507.0,3,Asia,Asia
B014I8SSD0,AEYJ5,42,2022-02-17,309,309.0,5,South America,South America
B09L8DSSFH,AH5G2,24,2022-02-18,399,399.0,7,Middle East,Middle East
B07232M876,AF7IX,34,2022-02-19,199,199.0,4,Africa,Africa
B07P681N66,AHDFR,12,2022-02-20,1199,1199.0,9,Africa,Africa
B0711PVX6Z,AF7IX,11,2022-02-21,179,179.0,7,Oceania,Oceania
B082T6V3DT,AFWJS,21,2022-02-22,799,799.0,3,Oceania,Oceania
B07MKFNHKG,AFIU4,34,2022-02-23,6999,6999.0,7,Africa,Africa
B0BFWGBX61,AF36Y,50,2022-02-24,199,199.0,5,South America,South America
B01N90RZ4M,AEOM4,32,2022-02-25,230,230.0,1,South America,South America
B0088TKTY2,AGV3I,36,2022-02-26,649,649.0,3,South America,South America
B09Q5SWVBJ,AFUT7,18,2022-02-27,15999,15999.0,2,Oceania,Oceania
B0B4DT8MKT,AGH3P,18,2022-02-28,348,348.0,7,Middle East,Middle East
B08CDKQ8T6,AFDCS,34,2022-03-01,154,154.0,4,North America,North America
B07B275VN9,AED54,39,2022-03-02,179,179.0,3,Europe,Europe
B0B15CPR37,AHDID,36,2022-03-03,32990,32990.0,8,South America,South America
B0994GFWBH,AF42E,22,2022-03-04,139,139.0,9,Asia,Asia
B01GGKZ0V6,AEITV,3,2022-03-05,329,329.0,3,South America,South America
B09F9YQQ7B,AG6WS,41,2022-03-06,13999,13999.0,1,Oceania,Oceania
B014I8SX4Y,AEYJ5,9,2022-03-07,309,309.0,2,Middle East,Middle East
B09Q8HMKZX,AF6SK,42,2022-03-08,263,263.0,1,Africa,Africa
B0B9XN9S3W,AFXQS,44,2022-03-09,7999,7999.0,5,Middle East,Middle East
B07966M8XH,AGZU6,9,2022-03-10,1599,1599.0,3,Middle East,Middle East
B01GGKYKQM,AHVZC,25,2022-03-11,219,219.0,8,Middle East,Middle East
B0B86CDHL1,AEOIH,12,2022-03-12,349,349.0,6,Middle East,Middle East
B0B5ZF3NRK,AGE6O,4,2022-03-13,349,349.0,9,Africa,Africa
B09RFC46VP,AG6WS,46,2022-03-14,26999,26999.0,8,North America,North America
B08R69VDHT,AEGZS,12,2022-03-15,115,115.0,9,South America,South America
B09RWZRCP1,AFJVY,22,2022-03-16,399,399.0,8,South America,South America
B09CMP1SC8,AHH2T,21,2022-03-17,199,199.0,7,North America,North America
B09YLXYP7Y,AGU76,43,2022-03-18,179,179.0,4,Africa,Africa
B09ZPM4C2C,AFRON,35,2022-03-19,10901,10901.0,2,Middle East,Middle East
B0B2DJDCPX,AEBHZ,26,2022-03-20,209,209.0,3,Middle East,Middle East
B0BCZCQTJX,AEC5P,3,2022-03-21,1434,1434.0,8,Middle East,Middle East
B07LGT55SJ,AG3D6,32,2022-03-22,399,399.0,3,Oceania,Oceania
B09NKZXMWJ,AHIKJ,23,2022-03-23,139,139.0,1,South America,South America
B08QX1CC14,AFZBE,44,2022-03-24,7299,7299.0,4,Asia,Asia
B0974H97TJ,AHDJJ,42,2022-03-25,299,299.0,2,South America,South America
B07GVGTSLN,AEXK3,50,2022-03-26,325,325.0,4,Oceania,Oceania
B09VCHLSJF,AGDOV,22,2022-03-27,29999,29999.0,2,Oceania,Oceania
B0B1YZX72F,AFSMI,29,2022-03-28,27999,27999.0,1,South America,South America
B092BJMT8Q,AHDID,2,2022-03-29,30990,30990.0,9,Africa,Africa
B0BMXMLSMM,AHFEN,33,2022-03-30,199,199.0,5,Europe,Europe
B07JH1C41D,AG3D6,8,2022-03-31,649,649.0,1,Europe,Europe
B0141EZMAI,AGMJ6,27,2022-04-01,269,269.0,3,Asia,Asia
B09Q5P2MT3,AFUT7,18,2022-04-02,24999,24999.0,3,Middle East,Middle East
B08HDH26JX,AEWAZ,24,2022-04-03,299,299.0,3,Europe,Europe
B09VT6JKRP,AEC4A,43,2022-04-04,199,199.0,8,Asia,Asia
B09T3KB6JZ,AGACK,22,2022-04-05,18990,18990.0,1,Middle East,Middle East
B093QCY6YJ,AFOYO,24,2022-04-06,290,290.0,9,South America,South America
B093ZNQZ2Y,AGDR4,36,2022-04-07,249,249.0,2,Europe,Europe
B08LKS3LSP,AH5JH,11,2022-04-08,345,345.0,9,South America,South America
B00V4BGDKU,AHQC2,20,2022-04-09,1099,1099.0,7,Europe,Europe
B08CHKQ8D4,AFKEN,23,2022-04-10,719,719.0,8,Europe,Europe
B09BW334ML,AHDC2,22,2022-04-11,349,349.0,7,South America,South America
B082T6GVLJ,AGD3F,5,2022-04-12,849,849.0,2,North America,North America
B07DL1KC3H,AGHKF,25,2022-04-13,299,299.0,1,North America,North America
B0B6F98KJJ,AHEVO,18,2022-04-14,21999,21999.0,4,Asia,Asia
B07JNVF678,AGKNF,42,2022-04-15,349,349.0,4,Oceania,Oceania
B09QGZFBPM,AHL2C,15,2022-04-16,399,399.0,6,Europe,Europe
B07JGDB5M1,AG3D6,41,2022-04-17,449,449.0,4,Oceania,Oceania
B0981XSZJ7,AEIFM,38,2022-04-18,299,299.0,5,Middle East,Middle East
B0B9XLX8VR,AHY6A,1,2022-04-19,37999,37999.0,6,Oceania,Oceania
B08Y5KXR6Z,AEQ2Y,42,2022-04-20,99,99.0,8,Oceania,Oceania
B09F6VHQXB,AFCMY,26,2022-04-21,7390,7390.0,6,North America,North America
B0974G5Q2Y,AFA33,46,2022-04-22,27310,273.1,3,Asia,Asia
B09YL9SN9B,AE4KO,30,2022-04-23,15990,15990.0,8,North America,North America
B09RX1FK54,AFJVY,30,2022-04-24,399,399.0,1,South America,South America
B09TT6BFDX,AG47C,5,2022-04-25,399,399.0,7,South America,South America
B09KH58JZR,AGNRJ,39,2022-04-26,210,210.0,2,Oceania,Oceania
B09DDCQFMT,AFYFQ,9,2022-04-27,1299,1299.0,2,South America,South America
B08RP2L2NL,AEZDB,6,2022-04-28,347,347.0,4,North America,North America
B0B4G2MWSB,AF42E,13,2022-04-29,149,149.0,5,Oceania,Oceania
B0B21C4BMX,AH4LJ,37,2022-04-30,228,228.0,2,Europe,Europe
B084MZXJNK,AE2JT,6,2022-05-01,1599,1599.0,3,Africa,Africa
B0BHZCNC4P,AHY3Q,27,2022-05-02,1499,1499.0,6,Oceania,Oceania
B0B16KD737,AHKTE,28,2022-05-03,8499,8499.0,2,South America,South America
B099K9ZX65,AFP33,10,2022-05-04,20990,20990.0,1,South America,South America
B08Y55LPBF,AG6WS,39,2022-05-05,32999,32999.0,2,North America,North America
B015OW3M1W,AGLZU,3,2022-05-06,799,799.0,4,North America,North America
B01D5H8ZI8,AFJXT,15,2022-05-07,229,229.0,7,Middle East,Middle East
B09X1M3DHX,AF3IX,17,2022-05-08,9999,9999.0,7,Africa,Africa
B09MM6P76N,AFQW4,45,2022-05-09,349,349.0,9,Middle East,Middle East
B01D5H8LDM,AEPML,11,2022-05-10,489,489.0,9,North America,North America
B0B1YY6JJL,AFSMI,49,2022-05-11,23999,23999.0,9,Africa,Africa
B09QGZM8QB,AHL2C,18,2022-05-12,399,399.0,9,Europe,Europe
B08L4SBJRY,AFEQN,12,2022-05-13,349,349.0,2,Europe,Europe
B09X79PP8F,AEDMO,31,2022-05-14,179,179.0,5,Oceania,Oceania
B082T6GVG9,AH4BU,40,2022-05-15,689,689.0,6,Africa,Africa
B0B3XY5YT4,AFCWL,26,2022-05-16,30990,30990.0,6,Europe,Europe
B0B4HKH19N,AF477,23,2022-05-17,249,249.0,5,Oceania,Oceania
B08TGG316Z,AFO7T,25,2022-05-18,999,999.0,6,Africa,Africa
B071VMP1Z4,AELO5,37,2022-05-19,399,399.0,1,Asia,Asia
B071SDRGWL,AFA33,32,2022-05-20,349,349.0,5,Europe,Europe
B08PSQRW2T,AFAQL,50,2022-05-21,399,399.0,2,South America,South America
B0859M539M,AHDFR,18,2022-05-22,1699,1699.0,2,North America,North America
B08RX8G496,AHGHF,48,2022-05-23,655,655.0,8,Middle East,Middle East
B002SZEOLG,AGV3I,18,2022-05-24,749,749.0,3,Asia,Asia
B08CS3BT4L,AHXA4,19,2022-05-25,9999,9999.0,8,North America,North America
B00RFWNJMC,AGD2H,33,2022-05-26,195,195.0,3,Middle East,Middle East
B082T6GXS5,AECPQ,22,2022-05-27,999,999.0,8,Europe,Europe
B09CMQRQM6,AFPP2,42,2022-05-28,499,499.0,8,South America,South America
B005LJQMCK,AG44Z,1,2022-05-29,416,416.0,6,Europe,Europe
B09C6H53KH,AG7TJ,44,2022-05-30,368,368.0,4,Oceania,Oceania
B0BB3CBFBM,AEH3M,35,2022-05-31,29990,29990.0,9,South America,South America
B08QSDKFGQ,AHMKX,10,2022-06-01,339,339.0,1,Middle East,Middle East
B08PV1X771,AHEVO,31,2022-06-02,15490,15490.0,1,South America,South America
B07YTNKVJQ,AHW6E,47,2022-06-03,499,499.0,9,North America,North America
B0117H7GZ6,AGG2A,50,2022-06-04,249,249.0,1,Middle East,Middle East
B09XJ1LM7R,AE242,3,2022-06-05,399,399.0,6,Europe,Europe
B084N133Y7,AE2JT,13,2022-06-06,1499,1499.0,7,Africa,Africa
B088Z1YWBC,AH6QH,44,2022-06-07,9490,9490.0,8,Middle East,Middle East
B07VSG5SXZ,AFWKY,4,2022-06-08,637,637.0,9,South America,South America
B08RWCZ6SY,AFUR3,42,2022-06-09,399,399.0,2,North America,North America
B07KSB1MLX,AF5XV,29,2022-06-10,1089,1089.0,1,Oceania,Oceania
B081FG1QYX,AH3ZH,29,2022-06-11,339,339.0,1,Asia,Asia
B08R69WBN7,AEGZS,30,2022-06-12,149,149.0,7,Europe,Europe
B0B3RHX6B6,AFYQP,5,2022-06-13,149,149.0,1,North America,North America
B084N18QZY,AEMJJ,25,2022-06-14,599,599.0,3,Europe,Europe
B081NHWT6Z,AGAVE,2,2022-06-15,299,299.0,7,South America,South America
B07JPJJZ2H,AGKNF,9,2022-06-16,399,399.0,5,Europe,Europe
B09JKNF147,AGSMO,24,2022-06-17,339,339.0,5,Africa,Africa
B0B9959XF3,AEJGE,34,2022-06-18,12499,12499.0,2,Europe,Europe
B09PNR6F8Q,AHPG3,22,2022-06-19,249,249.0,4,Middle East,Middle East
B07M69276N,AGYAP,38,2022-06-20,1399,1399.0,4,Middle East,Middle East
B0B1YZ9CB8,AFSMI,8,2022-06-21,32999,32999.0,8,North America,North America
B09YLYB9PB,AGU76,28,2022-06-22,149,149.0,2,Africa,Africa
B08CTNJ985,AFVNM,10,2022-06-23,325,325.0,7,Asia,Asia
B0BP7XLX48,AF7EO,43,2022-06-24,399,399.0,6,Africa,Africa
B09LHXNZLR,AG2Q7,15,2022-06-25,199,199.0,5,Europe,Europe
B0B3N8VG24,AHIKJ,30,2022-06-26,88,88.0,1,Middle East,Middle East
B08PSVBB2X,AFAQL,44,2022-06-27,399,399.0,7,Asia,Asia
B0B3MQXNFB,AHIKJ,40,2022-06-28,5789,57.89,2,Europe,Europe
B08XMSKKMM,AHSDV,10,2022-06-29,799,799.0,9,North America,North America
B09L8DT7D6,AHMHM,1,2022-06-30,205,205.0,6,Asia,Asia
B00GE55L22,AFHDJ,34,2022-07-01,299,299.0,1,Asia,Asia
B0162K34H2,AHPAC,28,2022-07-02,849,849.0,2,North America,North America
B0B8SRZ5SV,AF2IR,46,2022-07-03,949,949.0,3,Asia,Asia
B07CWNJLPC,AGPOY,16,2022-07-04,499,499.0,2,Middle East,Middle East
B00NH12R1O,AEWPC,19,2022-07-05,299,299.0,5,Europe,Europe
B0B8SSC5D9,AF2IR,9,2022-07-06,949,949.0,1,South America,South America
B08WKG2MWT,AHL2C,8,2022-07-07,379,379.0,9,Middle East,Middle East
B0B466C3G4,AEG3H,12,2022-07-08,8990,8990.0,5,Africa,Africa
B005LJQMZC,AG44Z,24,2022-07-09,486,486.0,2,North America,North America
B07MDRGHWQ,AFIU4,1,2022-07-10,5699,5699.0,5,North America,North America
B07DC4RZPY,AHDZE,28,2022-07-11,709,709.0,4,South America,South America
B0B15GSPQW,AHDID,41,2022-07-12,47990,47990.0,8,Middle East,Middle East
B08GJNM9N7,AHGPO,44,2022-07-13,299,299.0,3,Middle East,Middle East
B09C6FML9B,AGQTT,5,2022-07-14,320,320.0,1,Asia,Asia
B0B65MJ45G,AFQGG,10,2022-07-15,139,139.0,6,Middle East,Middle East
B08P9RYPLR,AHIKJ,11,2022-07-16,129,129.0,4,Oceania,Oceania
B0B6F8HHR6,AHEVO,45,2022-07-17,24999,24999.0,8,North America,North America
B084MZXJN6,AHWC7,16,2022-07-18,999,999.0,3,Africa,Africa
B08XMG618K,AEGJW,9,2022-07-19,225,225.0,6,Asia,Asia
B0BCKWZ884,AGSP2,13,2022-07-20,547,547.0,6,South America,South America
B00GGGOYEK,AFHX6,10,2022-07-21,259,259.0,9,South America,South America
B07ZR4S1G4,AE22Y,28,2022-07-22,239,239.0,2,Middle East,Middle East
B09C635BMM,AHPHV,48,2022-07-23,349,349.0,1,Europe,Europe
B00GG59HU2,AH3JU,17,2022-07-24,467,467.0,5,North America,North America
B00RGLI0ZS,AFEJF,38,2022-07-25,449,449.0,6,Europe,Europe
B09ZPJT8B2,AG6TQ,42,2022-07-26,11990,11990.0,1,Africa,Africa
B07HZ2QCGR,AFY3X,29,2022-07-27,350,350.0,2,Europe,Europe
B095244Q22,AF42E,10,2022-07-28,252,252.0,7,Europe,Europe
B08CKW1KH9,AF3XU,10,2022-07-29,204,204.0,1,Oceania,Oceania
B0BLV1GNLN,AGOYJ,48,2022-07-30,6490,6490.0,1,Europe,Europe
B08RHPDNVV,AGUQM,7,2022-07-31,235,235.0,1,Oceania,Oceania
B00NH13Q8W,AGBX2,29,2022-08-01,299,299.0,3,South America,South America
B0B8SSZ76F,AHXJZ,19,2022-08-02,799,799.0,3,Oceania,Oceania
B0841KQR1Z,AGZNX,32,2022-08-03,299,299.0,4,Africa,Africa
B0B467CCB9,AG54K,3,2022-08-04,6999,6999.0,7,Middle East,Middle East
B095JQVC7N,AG3QT,39,2022-08-05,42999,42999.0,8,South America,South America
B08PPHFXG3,AFGN6,43,2022-08-06,173,173.0,1,Middle East,Middle East
B06XR9PR5X,AESNQ,19,2022-08-07,209,209.0,7,Middle East,Middle East
B09JSW16QD,AFCGA,5,2022-08-08,84899,848.99,8,Asia,Asia
B07JH1CBGW,AG3D6,18,2022-08-09,649,649.0,6,South America,South America
B09127FZCK,AHPRJ,10,2022-08-10,299,299.0,4,North America,North America
B083GQGT3Z,AHKON,49,2022-08-11,399,399.0,1,Africa,Africa
B09Q8WQ5QJ,AHX6C,17,2022-08-12,249,249.0,3,North America,North America
B07YZG8PPY,AFYPW,36,2022-08-13,1249,1249.0,4,Europe,Europe
B09H39KTTB,AH2ZL,27,2022-08-14,213,213.0,1,Asia,Asia
B08DCVRW98,AG4UN,2,2022-08-15,209,209.0,2,North America,North America
B0718ZN31Q,AFFPE,34,2022-08-16,598,598.0,7,North America,North America
B0162LYSFS,AFM3P,3,2022-08-17,799,799.0,9,South America,South America
B07PFJ5VQD,AGDDI,6,2022-08-18,159,159.0,9,Middle East,Middle East
B01J8S6X2I,AHHEV,31,2022-08-19,499,499.0,8,Middle East,Middle East
B09MJ77786,AGTBG,28,2022-08-20,31999,31999.0,7,Europe,Europe
B09NNGHG22,AEBPR,4,2022-08-21,32990,32990.0,8,Asia,Asia
B07V5YF4ND,AGNQU,14,2022-08-22,299,299.0,3,Asia,Asia
B0B65P827P,AFQGG,47,2022-08-23,12831,128.31,7,South America,South America
B084MZYBTV,AEDY5,25,2022-08-24,599,599.0,1,Africa,Africa
B097ZQTDVZ,AGKXF,12,2022-08-25,399,399.0,8,North America,North America
B0B5F3YZY4,AHKMD,14,2022-08-26,449,449.0,4,Europe,Europe
B09G5TSGXV,AHSO2,4,2022-08-27,254,254.0,1,North America,North America
B006LW0WDQ,AE4DP,41,2022-08-28,399,399.0,7,Europe,Europe
B09YLX91QR,AGU76,41,2022-08-29,179,179.0,1,South America,South America
B081FJWN52,AH3ZH,33,2022-08-30,339,339.0,8,Oceania,Oceania
B0758F7KK7,AHAYL,26,2022-08-31,399,399.0,5,Asia,Asia
B09L835C3V,AHGRR,27,2022-09-01,199,199.0,4,Oceania,Oceania
B098TV3L96,AGTDS,46,2022-09-02,349,349.0,1,Africa,Africa
B08NCKT9FG,AHDJJ,17,2022-09-03,299,299.0,3,South America,South America
B0B4T6MR8N,AF477,46,2022-09-04,89,89.0,1,Oceania,Oceania
B01GGKZ4NU,AEITV,11,2022-09-05,549,549.0,4,Oceania,Oceania
B09BW2GP18,AG3TI,24,2022-09-06,129,129.0,4,Europe,Europe
B09WN3SRC7,AF6Z2,6,2022-09-07,77990,77990.0,9,Europe,Europe
B09B125CFJ,AFTUS,16,2022-09-08,349,349.0,9,Europe,Europe
B09RQRZW2X,AFYEH,47,2022-09-09,499,499.0,4,Europe,Europe
B07924P3C5,AF254,13,2022-09-10,299,299.0,1,Asia,Asia
B08N1WL9XW,AHIKJ,21,2022-09-11,182,182.0,1,South America,South America
B07VVXJ2P5,AECWB,13,2022-09-12,96,96.0,4,Europe,Europe
B0BC8BQ432,AHY6A,44,2022-09-13,54990,54990.0,2,South America,South America
B06XFTHCNY,AH3JH,42,2022-09-14,439,439.0,1,Europe,Europe
B08CT62BM1,AFVNM,30,2022-09-15,299,299.0,1,Middle East,Middle East
B07CRL2GY6,AEWAZ,5,2022-09-16,299,299.0,3,Europe,Europe
B07DWFX9YS,AEFJC,19,2022-09-17,789,789.0,6,Middle East,Middle East
B01D5H90L4,AGLYU,37,2022-09-18,299,299.0,8,Middle East,Middle East
B07F1P8KNV,AEXK3,33,2022-09-19,325,325.0,7,Asia,Asia
B084N1BM9L,AHWC7,4,2022-09-20,1299,1299.0,4,North America,North America
B09F6D21BY,AH7NT,11,2022-09-21,790,790.0,4,South America,South America
B09LQQYNZQ,AGIZG,19,2022-09-22,4699,4699.0,2,South America,South America
B0BC9BW512,AFSMI,10,2022-09-23,18999,18999.0,1,Asia,Asia
B0B61HYR92,AFHYW,7,2022-09-24,199,199.0,7,South America,South America
B075ZTJ9XR,AEWC3,22,2022-09-25,269,269.0,1,North America,North America
B0978V2CP6,AH2AV,33,2022-09-26,1990,1990.0,8,Africa,Africa
B09LRZYBH1,AEE46,25,2022-09-27,2299,2299.0,5,Africa,Africa
B0B997FBZT,AEJGE,44,2022-09-28,35999,35999.0,5,North America,North America
B098LCVYPW,AF7BX,38,2022-09-29,349,349.0,6,Oceania,Oceania
B09HV71RL1,AFKEN,7,2022-09-30,719,719.0,1,Middle East,Middle East
B08PZ6HZLT,AFLOB,38,2022-10-01,8999,8999.0,8,Asia,Asia
B075TJHWVC,AGWAY,13,2022-10-02,917,917.0,1,North America,North America
B09LV13JFB,AERUC,38,2022-10-03,399,399.0,7,Europe,Europe
B092BL5DCX,AHDID,11,2022-10-04,45999,45999.0,3,Africa,Africa
B09VH568H7,AG5P7,6,2022-10-05,119,119.0,2,Africa,Africa
B09HQSV46W,AHEVO,46,2022-10-06,21999,21999.0,7,Oceania,Oceania
B08TZD7FQN,AGYH5,13,2022-10-07,299,299.0,4,Middle East,Middle East
B0B21XL94T,AHFLH,35,2022-10-08,21990,21990.0,5,Oceania,Oceania
B09PTT8DZF,AHVAH,19,2022-10-09,41744,417.44,2,Middle East,Middle East
B0B94JPY2N,AE7CF,3,2022-10-10,199,199.0,6,Middle East,Middle East
B0B3XXSB1K,AFCWL,25,2022-10-11,47990,47990.0,6,South America,South America
B08RZ12GKR,AHSXE,4,2022-10-12,215,215.0,7,Middle East,Middle East
B0B4T8RSJ1,AF477,11,2022-10-13,99,99.0,1,Europe,Europe
B0B7B9V9QP,AHQCV,18,2022-10-14,18999,18999.0,9,North America,North America
B08XXVXP3J,AEOHC,18,2022-10-15,249,249.0,5,North America,North America
B06XGWRKYT,AHILW,6,2022-10-16,7999,7999.0,6,Africa,Africa
B07CWDX49D,AGPOY,18,2022-10-17,649,649.0,1,Africa,Africa
B09TY4MSH3,AHH74,3,2022-10-18,1289,1289.0,3,Oceania,Oceania
B07RY2X9MP,AFKKM,1,2022-10-19,609,609.0,7,Africa,Africa
B0B2C5MJN6,AFXA7,15,2022-10-20,32990,32990.0,9,Middle East,Middle East
B0BBMGLQDW,AH34W,1,2022-10-21,599,599.0,3,North America,North America
B01LONQBDG,AH42E,28,2022-10-22,349,349.0,8,Europe,Europe
B08XXF5V6G,AESPO,10,2022-10-23,29999,29999.0,6,Europe,Europe
B09HK9JH4F,AHGRR,6,2022-10-24,199,199.0,4,Oceania,Oceania
B09MMD1FDN,AGTN6,6,2022-10-25,349,349.0,4,Asia,Asia
B09HN7LD5L,AFSQ4,50,2022-10-26,1850,1850.0,2,Europe,Europe
B0BNDD9TN6,AGJUS,8,2022-10-27,13990,13990.0,1,Asia,Asia
B07JW9H4J1,AG3D6,30,2023-01-05,399,399.0,9,Oceania,Oceania
B098NS6PVG,AECPF,31,2023-01-13,199,199.0,7,Oceania,Oceania
B096MSW6CT,AGU3B,10,2023-01-15,199,199.0,1,Europe,Europe
B08HDJ86NZ,AEWAZ,13,2023-01-28,329,329.0,3,Europe,Europe
B08CF3B7N1,AE3Q6,1,2023-01-29,154,154.0,1,South America,South America
B08Y1TFSP6,AEQ2Y,46,2023-02-08,149,149.0,3,Middle East,Middle East
B08WRWPM22,AG7C6,49,2023-02-23,17663,176.63,2,Middle East,Middle East
B08DDRGWTJ,AHW6E,45,2023-02-27,229,229.0,4,Africa,Africa
B082LZGK39,AECPF,15,2023-02-28,199,199.0,6,Asia,Asia
B08CF3D7QR,AGYLP,45,2023-03-05,154,154.0,1,North America,North America
B0789LZTCJ,AEWAZ,47,2023-03-20,299,299.0,5,North America,North America
B085DTN6R2,AGUAY,33,2023-03-31,350,350.0,2,South America,South America
B09KLVMZ3B,AF2XX,48,2023-04-02,159,159.0,3,Oceania,Oceania
B083342NKJ,AGSGS,7,2023-04-10,349,349.0,8,Europe,Europe
B09C6HXFC1,AFNYI,49,2023-04-13,970,970.0,8,Asia,Asia
B082LSVT4B,AECPF,25,2023-04-16,249,249.0,3,Europe,Europe
B08WRBG3XW,AFB5K,7,2023-04-18,199,199.0,6,Oceania,Oceania
B09NHVCHS9,AHIKJ,14,2023-04-24,59,59.0,6,Asia,Asia
B077Z65HSD,AH3LH,27,2023-05-19,299,299.0,4,Europe,Europe
B09W5XR9RT,AHZWJ,3,2023-05-20,970,970.0,7,Oceania,Oceania
B08Y1SJVV5,AEQ2Y,16,2023-05-30,99,99.0,8,South America,South America
B07XLCFSSN,AF2IR,9,2023-06-03,899,899.0,1,North America,North America
B082T6V3DT,AFWJS,16,2023-06-25,799,799.0,6,Middle East,Middle East
B01GGKYKQM,AHVZC,6,2023-07-17,219,219.0,7,Africa,Africa
B08R69VDHT,AEGZS,16,2023-07-19,115,115.0,1,Europe,Europe
B09CMP1SC8,AHH2T,33,2023-07-24,199,199.0,6,Europe,Europe
B09YLXYP7Y,AGU76,27,2023-07-25,179,179.0,8,Asia,Asia
B07JW9H4J1,AG3D6,47,2023-09-07,399,399.0,5,Middle East,Middle East
B098NS6PVG,AECPF,43,2023-09-15,199,199.0,8,South America,South America
B096MSW6CT,AGU3B,37,2023-09-16,199,199.0,5,South America,South America
B08HDJ86NZ,AEWAZ,49,2023-09-21,329,329.0,8,Middle East,Middle East
B08CF3B7N1,AE3Q6,13,2023-09-25,154,154.0,1,Asia,Asia
B08Y1TFSP6,AEQ2Y,37,2023-10-05,149,149.0,9,Middle East,Middle East
B08WRWPM22,AG7C6,8,2023-10-21,17663,176.63,1,Oceania,Oceania
B08DDRGWTJ,AHW6E,34,2023-10-31,229,229.0,4,Middle East,Middle East
B08CF3D7QR,AGYLP,1,2023-11-05,154,154.0,7,Oceania,Oceania
B07KSMBL2H,AEYJ5,2,2023-11-16,219,219.0,5,South America,South America
B085DTN6R2,AGUAY,46,2023-11-21,350,350.0,6,Oceania,Oceania
B09KLVMZ3B,AF2XX,1,2023-11-24,159,159.0,4,North America,North America
B083342NKJ,AGSGS,9,2023-12-01,349,349.0,4,Europe,Europe
B09C6HXFC1,AFNYI,17,2023-12-02,970,970.0,8,North America,North America
B08DPLCM6T,AHBNK,24,2023-12-16,13490,13490.0,7,Europe,Europe
B085194JFL,AEO5F,30,2023-12-24,279,279.0,5,Europe,Europe
B09F6S8BT6,AHEVO,6,2023-12-25,13490,13490.0,9,North America,North America
B09NHVCHS9,AHIKJ,23,2023-12-29,59,59.0,5,North America,North America
B01M4GGIVU,AGVUE,44,2024-01-02,199,199.0,6,Middle East,Middle East
B094JNXNPV,AFYR5,4,2024-02-08,299,299.0,4,Europe,Europe
B077Z65HSD,AFA33,14,2024-02-11,299,299.0,8,Oceania,Oceania
B09W5XR9RT,AHZWJ,37,2024-02-24,970,970.0,7,Africa,Africa
B00NH11PEY,AGBX2,25,2024-03-13,199,199.0,6,Middle East,Middle East
B09CMM3VGK,AGHYC,16,2024-03-29,179,179.0,9,North America,North America
B08QSC1XY8,AHMKX,47,2024-04-03,389,389.0,6,Middle East,Middle East
B008FWZGSG,AEQWV,19,2024-04-13,599,599.0,1,Middle East,Middle East
B0B4HJNPV4,AF477,49,2024-04-16,199,199.0,2,South America,South America
B07XLCFSSN,AF2IR,6,2024-04-19,899,899.0,6,South America,South America
B09RZS1NQT,AHUH7,48,2024-04-20,199,199.0,4,South America,South America
B09C6HWG18,AHRUM,48,2024-05-01,970,970.0,5,Europe,Europe
B00NH11KIK,AEYHT,41,2024-05-02,209,209.0,8,Europe,Europe
B07XJYYH7L,AE47X,13,2024-05-07,333,333.0,5,Europe,Europe
B07KRCW6LZ,AEM35,18,2024-05-19,999,999.0,5,Asia,Asia
B002PD61Y4,AGA2P,48,2024-05-31,507,507.0,4,Africa,Africa
B07232M876,AF7IX,42,2024-06-04,199,199.0,7,Oceania,Oceania
B07P681N66,AHDFR,46,2024-06-13,1199,1199.0,8,Europe,Europe
B082T6V3DT,AFWJS,21,2024-06-17,799,799.0,5,Middle East,Middle East
B0BFWGBX61,AF36Y,31,2024-06-27,199,199.0,8,Asia,Asia
B0B4DT8MKT,AGH3P,32,2024-07-14,348,348.0,7,Africa,Africa
B08CDKQ8T6,AFDCS,27,2024-07-17,154,154.0,7,Oceania,Oceania
B0994GFWBH,AF42E,24,2024-07-27,139,139.0,1,Middle East,Middle East
B01GGKZ0V6,AEITV,20,2024-08-01,329,329.0,7,Africa,Africa
B09F9YQQ7B,AG6WS,35,2024-08-11,13999,13999.0,4,Asia,Asia
B0B5ZF3NRK,AGE6O,8,2024-08-15,349,349.0,1,South America,South America
B09Q8HMKZX,AF6SK,47,2024-08-26,263,263.0,4,Oceania,Oceania
B01GGKYKQM,AHVZC,25,2024-09-01,219,219.0,2,Oceania,Oceania
B0B86CDHL1,AEOIH,47,2024-09-06,349,349.0,8,Africa,Africa
B08R69VDHT,AEGZS,17,2024-09-10,115,115.0,8,Asia,Asia
B09RWZRCP1,AFJVY,35,2024-09-12,399,399.0,8,Africa,Africa
B09CMP1SC8,AHH2T,6,2024-09-17,199,199.0,2,Europe,Europe
B09YLXYP7Y,AGU76,30,2024-09-19,179,179.0,5,South America,South America
B0B2DJDCPX,AEBHZ,31,2024-09-27,209,209.0,2,Europe,Europe
B07GVGTSLN,AEXK3,34,2024-10-07,325,325.0,6,North America,North America
B0BMXMLSMM,AHFEN,21,2024-10-15,199,199.0,5,Africa,Africa
B0141EZMAI,AGMJ6,50,2024-10-16,269,269.0,2,Middle East,Middle East
